-313.418938533	-313.213945211	-312.6005796	-311.5836531	-310.171080323	-308.373726483	-306.205201447	-303.681607623	-300.8212502	-297.644319153	-294.172552829	-290.428892909	-286.437140061	-282.221618791	-277.806858902	-273.217299699	-268.477021684	-263.609509109	-258.637445385	-253.582542132	-248.46540157	-243.305411019	-238.120667579	-232.927930521	-227.742598531	-222.578708793	-217.448954769	-212.364719635	-207.336122414	-202.372074084	-197.480341148	-192.667614428	-187.939581148	-183.300998603	-178.755768019	-174.307007442	-169.95712272	-165.707875857	-161.56045021	-157.515512123
-300.781466051	-300.584775931	-299.996254587	-299.020518692	-297.665162532	-295.940611577	-293.859924861	-291.438553072	-288.694060519	-285.645819999	-282.31469	-278.722683625	-274.892638172	-270.847893557	-266.611986657	-262.208367485	-257.660141749	-252.989843007	-248.219236363	-243.369154436	-238.459365316	-233.508471343	-228.533836834	-223.551542401	-218.576363126	-213.621767672	-208.699935359	-203.821788237	-198.997035366	-194.234226648	-189.540813827	-184.923216505	-180.386891307	-175.93640257	-171.575493217	-167.307154695	-163.133695086	-159.0568047	-155.077618626	-151.196775882
-288.531218772	-288.342577434	-287.778139104	-286.84233169	-285.542438972	-283.888460146	-281.892920293	-279.570638351	-276.938460448	-274.014967245	-270.82016433	-267.375164677	-263.701871739	-259.822671006	-255.760136854	-251.536760319	-247.174702181	-242.695574437	-238.120252021	-233.468715481	-228.759924342	-224.011720012	-219.240756479	-214.462456493	-209.690990636	-204.939276474	-200.218994935	-195.540621076	-190.913466554	-186.345731258	-181.844561819	-177.416114929	-173.06562368	-168.797465363	-164.615229447	-160.521784661	-156.519344318	-152.609529229	-148.793427695	-145.071652243
-276.660204731	-276.479363008	-275.938262149	-275.041147143	-273.795000873	-272.209409462	-270.296380565	-268.070120926	-265.546780728	-262.744173015	-259.68147688	-256.378933035	-252.857539993	-249.138758369	-245.244229832	-241.195516128	-237.013862363	-232.7199875	-228.33390386	-223.874766301	-219.360750808	-214.80896142	-210.235363782	-205.654743148	-201.080684314	-196.525570809	-192.000600598	-187.515815584	-183.080142321	-178.701441521	-174.386564149	-170.141412126	-165.971001929	-161.879529594	-157.870435888	-153.94647062	-150.109755267	-146.361843292	-142.703777659	-139.136145222
-265.160515299	-264.98722922	-264.468735837	-263.609102944	-262.415021937	-260.895678786	-259.062579906	-256.929338999	-254.511432068	-251.825928554	-248.891206907	-245.726662861	-242.352418296	-238.78903788	-235.057259753	-231.177745438	-227.170853007	-223.056436325	-218.853672084	-214.580915278	-210.255582862	-205.894064567	-201.511659231	-197.12253455	-192.739707859	-188.375045355	-184.039277146	-179.742025528	-175.491844002	-171.296264711	-167.161852202	-163.094261592	-159.098299522	-155.177986442	-151.336619069	-147.576832009	-143.900657779	-140.309584598	-136.804611512	-133.386300506
-254.024325186	-253.858355921	-253.361755403	-252.538419832	-251.394758332	-249.939569368	-248.183873958	-246.140711508	-243.824905153	-241.252804234	-238.442011866	-235.411105515	-232.179358139	-228.766466779	-225.192294604	-221.476631371	-217.638976158	-213.698345076	-209.673105601	-205.580838147	-201.438224631	-197.260963058	-193.063706532	-188.860024716	-184.662385417	-180.482153854	-176.329607068	-172.213961012	-168.143407923	-164.125161764	-160.165509715	-156.269867893	-152.442839734	-148.688275652	-145.009332868	-141.408534427	-137.887826696	-134.448634715	-131.091914999	-127.81820545
-243.243892439	-243.085006244	-242.609599201	-241.821401395	-240.726548697	-239.333464446	-237.652699771	-235.696738127	-233.479770636	-231.017449547	-228.326627407	-225.425089554	-222.331287143	-219.064077307	-215.642476194	-212.085429648	-208.411605191	-204.639207944	-200.78582202	-196.868277994	-192.90254623	-188.903655102	-184.885632612	-180.861469492	-176.843101579	-172.841409115	-168.866230551	-164.926388475	-161.029725403	-157.183147281	-153.392672784	-149.663486665	-145.999995644	-142.405885534	-138.884178513	-135.437289632	-132.067081858	-128.774919072	-125.561716615	-122.427989077
-232.811558441	-232.659526604	-232.204628702	-231.450434067	-230.402814142	-229.069829251	-227.461575808	-225.589999266	-223.468679146	-221.11259311	-218.537867375	-215.761520728	-212.801209058	-209.674976708	-206.40102016	-202.997468587	-199.482184813	-195.872589153	-192.18550765	-188.437045256	-184.642483757	-180.816203516	-176.971627619	-173.121186559	-169.276301383	-165.447383015	-161.643845475	-157.874130692	-154.145742752	-150.465289529	-146.838529863	-143.270424613	-139.765190138	-136.326352963	-132.956804582	-129.658855541	-126.434288101	-123.284406957	-120.210087606	-117.211822077
-222.719747911	-222.574346699	-222.139288495	-221.417987129	-220.416058244	-219.141211	-217.603101938	-215.813156071	-213.784361282	-211.531042664	-209.068623812	-206.413381986	-203.582203763	-200.592347231	-197.461215957	-194.206149105	-190.844231062	-187.392122957	-183.865917506	-180.281017724	-176.652039293	-172.99273572	-169.315944918	-165.63355543	-161.956490312	-158.294706493	-154.657207416	-151.052066774	-147.48646127	-143.966710437	-140.498321761	-137.086039515	-133.733895908	-130.445263378	-127.222907004	-124.069036235	-120.985355259	-117.973111519	-115.033141968	-112.165916813
-212.960968908	-212.821979509	-212.406106289	-211.716612708	-210.758867051	-209.540238902	-208.069959443	-206.358950426	-204.419627614	-202.265685071	-199.911866956	-197.37373347	-194.667427269	-191.809446129	-188.81642687	-185.704944716	-182.491331307	-179.19151364	-175.820875304	-172.394140538	-168.925280904	-165.427443741	-161.912901096	-158.393017448	-154.878234297	-151.378069558	-147.901129644	-144.455132168	-141.046937251	-137.6825856	-134.367341644	-131.105740214	-127.901635451	-124.758250787	-121.678229058	-118.663681951	-115.716238162	-112.837089767	-110.027036449	-107.286527311
-203.527812826	-203.395021295	-202.997692912	-202.33894578	-201.42390908	-200.259624154	-198.854911016	-197.220204947	-195.367368686	-193.309486319	-191.060645241	-188.635712519	-186.050111713	-183.319605655	-180.460090002	-177.487401531	-174.41714425	-171.264535518	-168.04427346	-164.770426191	-161.456342643	-158.114584209	-154.756875958	-151.394075789	-148.036159714	-144.692221281	-141.370483126	-138.078318657	-134.82228198	-131.608144279	-128.440935035	-125.324986628	-122.263981069	-119.26099776	-116.31856137	-113.438689088	-110.622936635	-107.87244257	-105.187970547	-102.56994927
-194.412954396	-194.286151603	-193.906742307	-193.277704164	-192.403935318	-191.292159942	-189.950800759	-188.389822991	-186.620555013	-184.655491518	-182.508085295	-180.192533669	-177.723565363	-175.116233068	-172.385716286	-169.54713826	-166.615399922	-163.605032937	-160.530073097	-157.403954528	-154.239424542	-151.048478363	-147.842312531	-144.631295461	-141.424953385	-138.231969803	-135.060196521	-131.916674358	-128.807661732	-125.738669397	-122.714499813	-119.739289742	-116.816554872	-113.949235433	-111.139741918	-108.390000206	-105.701495502	-103.075314656	-100.512186509	-98.0125200551
-185.609151688	-185.488133259	-185.126031541	-184.525688531	-183.691779222	-182.630721443	-181.350554182	-179.860788647	-178.172237083	-176.296824901	-174.247391946	-172.037488651	-169.681172619	-167.19281063	-164.586890474	-161.87784621	-159.079899686	-156.206920274	-153.272304034	-150.288872742	-147.268792621	-144.223512043	-141.16371706	-138.099303305	-135.039362579	-131.992182329	-128.965256184	-125.965303727	-122.998297775	-120.069497543	-117.183486216	-114.344211612	-111.555028774	-108.81874351	-106.137656031	-103.513604022	-100.948004583	-98.4418946145	-95.9959693357	-93.6106187009
-177.109246107	-176.993812373	-176.648420793	-176.075782394	-175.280356718	-174.268265823	-173.047178209	-171.626166743	-170.015545354	-168.226689827	-166.271848214	-164.163946392	-161.916394007	-159.542895607	-157.057271144	-154.473289286	-151.804516236	-149.064181938	-146.265064799	-143.419395384	-140.538778884	-137.634135698	-134.71565901	-131.792787993	-128.874195012	-125.96778513	-123.080706166	-120.219367554	-117.38946637	-114.59601897	-111.843396835	-109.135365363	-106.475124496	-103.865350258	-101.308236386	-98.8055354174	-96.358598694	-93.968414895	-91.6356467761	-89.3606659102
-168.906162395	-168.796118335	-168.466853367	-167.920952115	-167.1626662	-166.197832235	-165.033761173	-163.679102842	-162.143690259	-160.438368774	-158.574815317	-156.565353015	-154.422766183	-152.160120266	-149.790590698	-147.32730399	-144.783193599	-142.170872365	-139.502522617	-136.78980435	-134.043781317	-131.27486438	-128.492771067	-125.70650003	-122.924318843	-120.153763543	-117.401648212	-114.674082965	-111.976498766	-109.313677596	-106.689786622	-104.108415191	-101.572613562	-99.0849325083	-96.647463011	-94.2618754298	-91.9294576483	-89.6511518065	-87.4275893306	-85.2591240543
-160.992908632	-160.888063819	-160.57435568	-160.054246905	-159.331788534	-158.412541826	-157.303472816	-156.012823241	-154.549962201	-152.925223348	-151.149732669	-149.235231838	-147.193901936	-145.03819188	-142.780655361	-140.433799424	-138.009947132	-135.521116027	-132.978913418	-130.394448891	-127.778263893	-125.140277747	-122.489749136	-119.83525175	-117.18466268	-114.545161972	-111.923241761	-109.324723422	-106.754781208	-104.217971003	-101.718262883	-99.2590763627	-96.8433173057	-94.4734156606	-92.1513632827	-89.8787512592	-87.6568062559	-85.4864255184	-83.3682102505	-81.3024971731
-153.362576236	-153.262744782	-152.96403727	-152.468798817	-151.780887055	-150.905597729	-149.84956429	-148.620634977	-147.227731555	-145.680694276	-143.990117879	-142.167183376	-140.223490179	-138.170892724	-136.021345184	-133.786757285	-131.478863522	-129.109107422	-126.688541833	-124.227745611	-121.736756566	-119.225020064	-116.701352341	-114.173917324	-111.650215578	-109.137083885	-106.640703949	-104.166618722	-101.719754928	-99.3044504378	-96.9244852813	-94.5831152127	-92.283106864	-90.0267736781	-87.8160119289	-85.652336265	-83.5369143232	-81.4706000602	-79.4539655374	-77.4873309751
-146.008339961	-145.913340462	-145.629090795	-145.157822755	-144.503207565	-143.670285067	-142.66536816	-141.495925821	-140.170448668	-138.698301407	-137.089566753	-135.35488534	-133.50529596	-131.552080076	-129.50661404	-127.38023187	-125.18410079	-122.929111083	-120.625781196	-118.284178461	-115.913855278	-113.523800199	-111.122403027	-108.717432751	-106.316027035	-103.924691818	-101.549309604	-99.1951549998	-96.8669161539	-94.5687208124	-92.3041658368	-90.0763491469	-87.8879031802	-85.7410290899	-83.6375310267	-81.5788499667	-79.5660966537	-77.6000833214	-75.6813539438	-73.8102128373
-138.923457897	-138.83311338	-138.562792028	-138.114616467	-137.49207834	-136.699970954	-135.744298397	-134.63216428	-133.371643861	-131.971643717	-130.441753293	-128.792092636	-127.033160453	-125.175686218	-123.230489625	-121.208350072	-119.119888286	-116.975461569	-114.785073543	-112.558298748	-110.304221951	-108.031391627	-105.747786757	-103.460795863	-101.177206997	-98.9032073729	-96.6443912519	-94.4057747244	-92.1918161021	-90.0064407025	-87.8530689266	-85.7346466411	-83.6536770036	-81.6122529905	-79.6120900033	-77.654558044	-75.7407130472	-73.8713270516	-72.0469169726	-70.2677718052
-132.101271472	-132.015409338	-131.758499863	-131.332560551	-130.740910121	-129.988104491	-129.079850387	-128.022899597	-126.824927424	-125.494399303	-124.040429695	-122.472637367	-120.801000962	-119.035718436	-117.187073462	-115.265311382	-113.280526693	-111.242563474	-109.160929612	-107.044725129	-104.902584496	-102.742632426	-100.572452318	-98.3990663256	-96.228925856	-94.0679112163	-91.9213391117	-89.7939767013	-87.6900609819	-85.6133223486	-83.5670112844	-81.5539272406	-79.5764488889	-77.6365650395	-75.7359056358	-73.8757723368	-72.0571683003	-70.2808268607	-68.5472388775	-66.8566785929
-125.535205452	-125.453657421	-125.209656311	-124.805118449	-124.243196122	-123.52821677	-122.665600923	-121.661761753	-120.523989622	-119.260325385	-117.879426354	-116.390428831	-114.802810922	-113.126259018	-111.370540896	-109.545387891	-107.660388023	-105.724891421	-103.747928845	-101.738143611	-99.703736804	-97.6524252819	-95.5914117109	-93.5273656347	-91.466414451	-89.414143082	-87.3756010979	-85.3553160718	-83.3573119944	-81.3851316558	-79.4418620005	-77.5301615612	-75.6522891968	-73.8101334624	-72.005242051	-70.2388508451	-68.5119122065	-66.8251222183	-65.1789466629	-63.5736455829
-119.218767939	-119.141369999	-118.909786503	-118.525836451	-117.992512025	-117.313920872	-116.495208208	-115.542461461	-114.46260069	-113.263258308	-111.952651858	-110.539453522	-109.032659897	-107.441465256	-105.775141095	-104.042924284	-102.253915621	-100.416990063	-98.5407193828	-96.6333075553	-94.7025387523	-92.7557374851	-90.7997401611	-88.8408771189	-86.884964066	-84.9373017691	-83.0026828196	-81.085404313	-79.1892853317	-77.3176881938	-75.473542522	-73.6593712883	-71.8773180937	-70.1291750496	-68.4164107259	-66.7401977288	-65.1014395556	-63.5007964545	-61.9387100837	-60.4154268264
-113.145550372	-113.072142719	-112.852498687	-112.488343693	-111.982515981	-111.338911869	-110.562411856	-109.658790175	-108.634610836	-107.49711354	-106.254092994	-104.91377513	-103.484693579	-101.975569446	-100.395197054	-98.752337847	-97.0556241642	-95.3134740857	-93.5340180716	-91.7250376726	-89.893916202	-88.047600931	-86.1925761116	-84.3348459388	-82.4799264317	-80.6328451432	-78.798147581	-76.9799092378	-75.1817521781	-73.4068651967	-71.6580266529	-69.9376291774	-68.2477055518	-66.5899551572	-64.9657704871	-63.3762633081	-61.8222901346	-60.3044767593	-58.8232416455	-57.378818043
-107.309227528	-107.239654516	-107.031484231	-106.68635216	-106.206948612	-105.59696682	-104.861032893	-104.004620082	-103.033950239	-101.955885671	-100.777814742	-99.5075345418	-98.1531337916	-96.7228788863	-95.2251055886	-93.668118462	-92.0600996588	-90.4090282039	-88.7226104585	-87.0082220264	-85.2728609984	-83.5231121205	-81.7651212258	-80.0045790871	-78.2467137249	-76.4962901357	-74.7576163812	-73.0345549951	-71.330538709	-69.6485895633	-67.9913405537	-66.3610590541	-64.759671349	-63.1887877066	-61.6497275114	-60.1435440633	-58.6710487266	-57.2328341828	-55.8292966047	-54.4606566208
-101.70355752	-101.637667602	-101.440517619	-101.113656681	-100.659633009	-100.081944774	-99.3849737517	-98.573904106	-97.654629051	-96.6336484156	-95.5179602803	-94.3149498387	-93.0322784868	-91.6777758789	-90.2593373402	-88.7848286095	-87.2619994435	-85.6984071638	-84.1013507932	-82.4778160315	-80.8344309711	-79.17743216	-77.5126403866	-75.8454453883	-74.1807985687	-72.523212744	-70.8767679139	-69.2451220696	-67.6315260919	-66.0388418569	-64.4695627418	-62.9258358137	-61.409485069	-59.9220351845	-58.4647353252	-57.0385826349	-55.644345112	-54.2825836352	-52.9536729681	-51.6578216167
-96.322381798	-96.2600274754	-96.0734564567	-95.764134934	-95.3344747313	-94.7877867712	-94.1282182779	-93.3606759068	-92.4907373963	-91.5245546124	-90.4687509818	-89.3303162987	-88.1165017464	-86.8347177293	-85.4924367737	-84.0971033674	-82.6560521882	-81.1764357424	-79.6651620275	-78.128842454	-76.5737499337	-75.005786761	-73.430461697	-71.8528754991	-70.2777140323	-68.7092480317	-67.1513385681	-65.6074472817	-64.0806504855	-62.5736563053	-61.0888240914	-59.6281854218	-58.1934661014	-56.7861086433	-55.4072948049	-54.0579678233	-52.7388540673	-51.4504838869	-50.1932114933	-48.9672337558
-91.1596251503	-91.1006629149	-90.9242414658	-90.6317474431	-90.2254618094	-89.7085158391	-89.0848317261	-88.3590498806	-87.5364453704	-86.6228362222	-85.6244864161	-84.5480063954	-83.4002537818	-82.1882367464	-80.9190221778	-79.5996504114	-78.2370578938	-76.8380087474	-75.4090358155	-73.956391412	-72.4860076843	-71.0034662406	-69.5139764795	-68.0223619083	-66.5330536313	-65.0500901281	-63.5771224274	-62.1174237879	-60.6739030403	-59.2491208011	-57.8453078332	-56.4643849137	-55.1079836412	-53.7774677003	-52.4739541769	-51.1983345891	-49.9512953662	-48.7333375681	-47.5447956884	-46.3858554318
-86.2092957014	-86.153585982	-85.9868964875	-85.7105375791	-85.3266647424	-84.8382369957	-84.2489607616	-83.5632211597	-82.7860030411	-81.9228043297	-80.9795443483	-79.9624697987	-78.8780609338	-77.7329402424	-76.5337856654	-75.2872500152	-73.9998878928	-72.6780910171	-71.3280325137	-69.9556203749	-68.5664600051	-67.165825521	-65.7586392765	-64.3494589367	-62.9424713271	-61.5414922288	-60.1499712705	-58.7710010804	-57.4073298985	-56.061376901	-54.7352495548	-53.4307623949	-52.1494566896	-50.8926205387	-49.6613090175	-48.4563640531	-47.2784337787	-46.1279911695	-45.0053518124	-43.9106907068
-81.4654849128	-81.4128920206	-81.2555284814	-80.9946315599	-80.6322364995	-80.1711372484	-79.6148334595	-78.9674656123	-78.2337404485	-77.4188491428	-76.5283807398	-75.568233374	-74.5445256729	-73.4635105327	-72.331493173	-71.1547550499	-69.9394848487	-68.6917174207	-67.4172811807	-66.1217541637	-64.8104286623	-63.4882841299	-62.1599678504	-60.829782737	-59.5016815277	-58.1792665954	-56.8657945707	-55.5641849873	-54.2770321938	-53.0066198268	-51.7549372007	-50.5236970406	-49.3143540533	-48.1281239067	-46.9660022527	-45.8287834961	-44.7170790718	-43.6313350415	-42.5718488746	-41.5387853112
-76.9223675835	-76.8727596566	-76.7243275253	-76.4782384501	-76.136412519	-75.7014855938	-75.1767593053	-74.5661398429	-73.8740676043	-73.105439993	-72.2655297478	-71.3599011828	-70.3943265991	-69.3747049363	-68.3069844613	-67.1970909846	-66.0508627564	-64.8739928583	-63.6719795775	-62.4500849512	-61.2133014067	-59.9663262002	-58.7135431831	-57.4590112941	-56.206459087	-54.9592845553	-53.7205594965	-52.4930376726	-51.2791660515	-50.0810984644	-48.9007110718	-47.7396190962	-46.5991943449	-45.4805831182	-44.3847241585	-43.3123663591	-42.2640860088	-41.2403033947	-40.2412986346	-39.2672266434
-72.5742018491	-72.5274507985	-72.3875668158	-72.1556501612	-71.833510709	-71.4236330181	-70.9291291948	-70.3536811919	-69.7014744926	-68.977125335	-68.1856037256	-67.3321544824	-66.4222184417	-65.4613557753	-64.4551731148	-63.4092558861	-62.3291069421	-61.2200922605	-60.0873941672	-58.9359722615	-57.7705319731	-56.5955004703	-55.4150094764	-54.2328844248	-53.0526393054	-51.8774765022	-50.7102909112	-49.5536776362	-48.4099425886	-47.2811153645	-46.1689638261	-45.075009877	-44.0005459826	-42.9466520523	-41.9142123609	-40.9039322432	-39.9163543499	-38.9518742994	-38.0107556022	-37.0931437687
-68.4153291826	-68.371310637	-68.2396026678	-68.0212414516	-67.717931447	-67.3320124969	-66.8664154339	-66.324607736	-65.7105310694	-65.0285327472	-64.2832932224	-63.4797517261	-62.6230320598	-61.7183703754	-60.7710465418	-59.7863204189	-58.7693740632	-57.7252605888	-56.6588601153	-55.5748429705	-54.4776400805	-53.3714202839	-52.2600741518	-51.1472037781	-50.0361179293	-48.9298318956	-47.8310713728	-46.7422797136	-45.6656279137	-44.6030267422	-43.556140478	-42.5264017683	-41.5150271905	-40.5230331535	-39.5512518357	-38.6003469093	-37.6708288515	-36.7630696855	-35.8773170364	-35.0137074183
-64.4401743939	-64.3987676452	-64.2748745146	-64.0694699264	-63.78415758	-63.4211389952	-62.9831717386	-62.4735182879	-61.8958872628	-61.254368931	-60.5533669833	-59.7975285632	-58.9916744421	-58.1407310656	-57.2496659748	-56.3234278452	-55.3668921085	-54.3848128354	-53.3817812895	-52.3621913054	-51.3302114321	-50.28976359	-49.2445078508	-48.1978328349	-47.1528511513	-46.1123992611	-45.0790411345	-44.0550750765	-43.0425431269	-42.0432424774	-41.0587383988	-40.0903782253	-39.1393059985	-38.2064774317	-37.2926749083	-36.3985222783	-35.5244992662	-34.6709553414	-33.8381229439	-33.0261299859
-60.6432456301	-60.6043335783	-60.4879049082	-60.2948760376	-60.0267544247	-59.6856094676	-59.2740332353	-58.7950923963	-58.2522729727	-57.6494197114	-56.9906719495	-56.2803978386	-55.5231287065	-54.7234951782	-53.88616647	-53.0157940252	-52.1169603979	-51.1941340234	-50.2516302598	-49.2935788454	-48.3238977154	-47.3462729428	-46.3641444344	-45.3806969082	-44.3988556101	-43.4212861904	-42.4503981442	-41.4883512322	-40.53706432	-39.5982261142	-38.6733073167	-37.7635737733	-36.8701002421	-35.9937844621	-35.1353612539	-34.2954164306	-33.4744003417	-32.6726409125	-31.890356076	-31.1276655221
-57.0191343752	-56.9826034741	-56.873299519	-56.6920830843	-56.4403697671	-56.1201028579	-55.7337164603	-55.2840903463	-54.7744980714	-54.2085500369	-53.5901332582	-52.9233495934	-52.2124541007	-51.4617950489	-50.6757569076	-49.8587074166	-49.0149495827	-48.1486792065	-47.2639482985	-46.364634521	-45.4544166021	-44.5367555021	-43.6148809838	-42.691783143	-41.770208391	-40.8526593411	-39.9413980447	-39.0384520239	-38.1456225766	-37.2644948616	-36.3964493164	-35.5426740075	-34.7041775625	-33.8818023849	-33.076237897	-32.2880336052	-31.5176118194	-30.7652798982	-30.0312419221	-29.3156097242
-53.5625154505	-53.5282556525	-53.4257471357	-53.2557972121	-53.0197338631	-52.7193800995	-52.3570193604	-51.9353531587	-51.4574524029	-50.9267039791	-50.3467542425	-49.7214510645	-49.0547860019	-48.3508380166	-47.6137199918	-46.847529075	-46.0563016454	-45.2439734692	-44.4143453801	-43.5710546142	-42.7175517481	-41.8570830329	-40.9926777995	-40.1271405164	-39.263047025	-38.4027444369	-37.5483541737	-36.7017776308	-35.8647039716	-35.0386195929	-34.2248188394	-33.4244155927	-32.6383554063	-31.8674279051	-31.1122792102	-30.3734241976	-29.6512584303	-28.9460696449	-28.2580486996	-27.587299918
-50.2681470141	-50.2360517157	-50.1400196657	-49.9808074135	-49.7596594378	-49.4782841152	-49.1388212925	-48.7438025907	-48.2961057835	-47.7989047333	-47.2556164314	-46.6698466846	-46.0453359168	-45.3859064239	-44.6954122505	-43.9776926536	-43.2365298999	-42.4756119268	-41.6985001813	-40.9086027589	-40.1091527936	-39.3031919057	-38.4935584021	-37.6828798375	-36.8735694896	-36.0678262674	-35.2676375639	-34.4747845678	-33.6908495717	-32.9172248461	-32.1551226838	-31.4055862637	-30.6695010254	-29.9476062913	-29.2405069126	-28.5486847565	-27.8725098886	-27.2122513341	-26.5680873331	-25.9401150267
-47.1308705614	-47.1008365484	-47.0109721348	-46.8619855282	-46.6550416859	-46.3917398172	-46.0740830236	-45.7044411355	-45.2855080014	-44.8202546181	-44.3118795501	-43.7637580825	-43.1793914816	-42.5623576164	-41.9162640358	-41.2447044035	-40.5512189913	-39.8392597254	-39.1121600812	-38.3731099403	-37.6251353627	-36.871083096	-36.1136095319	-35.3551737475	-34.5980342084	-33.8442486883	-33.0956769428	-32.3539856857	-31.620655435	-30.8969888234	-30.1841200041	-29.4830248242	-28.7945314752	-28.1193313738	-27.4579900653	-26.8109579759	-26.1785808784	-25.5611099615	-24.9587114216	-24.3714755209
-44.1456109246	-44.1175383175	-44.0335426872	-43.8942862422	-43.7008582717	-43.4547541073	-43.1578467311	-42.8123520224	-42.4207888169	-41.9859350753	-41.5107815195	-40.9984840828	-40.4523164621	-39.8756239433	-39.2717795236	-38.6441431736	-37.9960248959	-37.3306520416	-36.6511411612	-35.9604744952	-35.2614810642	-34.5568221849	-33.8489811491	-33.1402567194	-32.4327600512	-31.7284146214	-31.0289587326	-30.335950171	-29.6507726113	-28.9746433913	-28.3086223107	-27.6536211463	-27.0104136131	-26.3796455399	-25.7618450634	-25.1574326808	-24.5667310306	-23.9899742999	-23.4273171834	-22.8788433388
-41.3073762732	-41.281168472	-41.2027525858	-41.0727470888	-40.8921693292	-40.6624158765	-40.3852360023	-40.0626992169	-39.6971579621	-39.2912066704	-38.8476384568	-38.369400706	-37.8595507535	-37.3212127571	-36.7575367136	-36.1716604103	-35.5666749213	-34.9455940832	-34.3113282047	-33.6666621123	-33.0142374906	-32.3565393588	-31.6958864335	-31.0344250585	-30.3741263341	-29.7167860544	-29.0640270507	-28.4173035462	-27.7779071415	-27.1469740799	-26.5254934684	-25.9143161669	-25.3141640928	-24.7256397245	-24.1492356203	-23.585343802	-23.0342648821	-22.4962168386	-21.9713433682	-21.4597217659
-38.6112581138	-38.5868217437	-38.5137062116	-38.3924884479	-38.2241174615	-38.0098960055	-37.7514558349	-37.4507274203	-37.1099051416	-36.731409092	-36.3178446748	-35.8719611685	-35.3966103808	-34.8947064135	-34.3691874297	-33.8229801579	-33.2589677066	-32.6799610884	-32.0886746976	-31.4877058314	-30.8795182191	-30.2664294095	-29.6506017849	-29.0340369021	-28.4185728192	-27.8058840409	-27.197483709	-26.5947276688	-25.9988200569	-25.4108200814	-24.831649694	-24.2621018833	-23.7028493548	-23.1544533936	-22.6173727392	-22.0919723307	-21.5785318088	-21.0772536868	-20.5882711239	-20.1116552565
-36.0524312897	-36.0296761462	-35.9615910645	-35.8487135463	-35.6919277417	-35.4924473643	-35.2517926369	-34.9717620704	-34.6544000316	-34.3019611523	-33.9168726826	-33.5016958827	-33.0590874983	-32.5917622719	-32.1024573194	-31.5938990586	-31.0687732219	-30.5296983264	-29.979202828	-29.4197060443	-28.8535028108	-28.282751734	-27.7094668226	-27.1355122195	-26.5625997149	-25.9922887003	-25.4259882136	-24.8649607312	-24.3103273778	-23.7630742469	-23.2240595494	-22.6940213409	-22.1735856062	-21.6632745113	-21.1635146629	-20.674645244	-20.1969259186	-19.7305444256	-19.2756237999	-18.8322291817
-33.6261539817	-33.6049929758	-33.5416777626	-33.4367084578	-33.2909077121	-33.1054048123	-32.8816142262	-32.6212093408	-32.3260922805	-31.9983607869	-31.6402731851	-31.2542124567	-30.8426503899	-30.4081126947	-29.9531458543	-29.4802863522	-28.9920327686	-28.4908210968	-27.9790034863	-27.4588304941	-26.9324368111	-26.4018303346	-25.8688843859	-25.3353328116	-24.8027676752	-24.2726392176	-23.7462577644	-23.2247972582	-22.7093001096	-22.200683079	-21.6997439289	-21.2071686115	-20.7235387854	-20.2493394844	-19.7849667904	-19.330735385	-18.8868858857	-18.4535918889	-18.0309666668	-17.6190694833
-31.3277677075	-31.3081168108	-31.2493200425	-31.1518421028	-31.0164473848	-30.8441851984	-30.6363698311	-30.3945561414	-30.1205115089	-29.8161850546	-29.4836750832	-29.1251956948	-28.7430434691	-28.3395650479	-27.9171263301	-27.4780838762	-27.0247589796	-26.5594147305	-26.0842362651	-25.6013142757	-25.1126317496	-24.6200538192	-24.1253205336	-23.6300423116	-23.1356978	-22.6436338418	-22.1550672521	-21.6710881032	-21.1926642343	-20.720646717	-20.2557760341	-19.7986887524	-19.3499244979	-18.9099330677	-18.4790815414	-18.0576612774	-17.6458947062	-17.2439418513	-16.851906532	-16.4698422157
-29.1526973218	-29.134475512	-29.0799547594	-28.9895662488	-28.8640192412	-28.7042873609	-28.5115900901	-28.287370118	-28.033267309	-27.7510901378	-27.4427854739	-27.1104075969	-26.7560872789	-26.3820017007	-25.9903458661	-25.5833060659	-25.1630358188	-24.7316345887	-24.2911294593	-23.8434598353	-23.39046514	-22.9338754004	-22.475304544	-22.0162461833	-21.558071633	-21.1020298837	-20.6492492535	-20.2007404377	-19.7574006934	-19.3200189079	-18.8892813266	-18.4657777336	-18.0500079093	-17.6423882109	-17.2432581482	-16.8528868513	-16.4714793494	-16.0991826007	-15.7360912318	-15.3822529601
-27.0964510163	-27.0795802226	-27.0291018869	-26.9454155099	-26.8291782324	-26.6812921277	-26.5028870519	-26.2952996527	-26.0600492456	-25.7988113422	-25.51338965	-25.205687359	-24.8776784918	-24.5313800259	-24.1688254057	-23.7920399545	-23.4030185816	-23.0037060635	-22.5959800659	-22.1816369708	-21.7623804801	-21.339812896	-20.9154289139	-20.4906117202	-20.0666311586	-19.6446437091	-19.2256940195	-18.8107177314	-18.4005453534	-17.9959069517	-17.5974374447	-17.2056823149	-16.8211035713	-16.4440858232	-16.0749423464	-15.7139210516	-15.3612102795	-15.016944372	-14.6812089826	-14.3540461037
-25.1546203201	-25.1390253678	-25.0923645171	-25.0150073471	-24.9075617789	-24.7708623159	-24.6059541752	-24.4140738636	-24.1966268551	-23.9551630969	-23.6913511004	-23.4069513731	-23.1037899098	-22.7837323992	-22.4486597161	-22.1004451727	-21.7409338944	-21.3719245777	-20.9951537843	-20.6122828313	-20.224887251	-19.8344487274	-19.4423493567	-19.0498680409	-18.6581787943	-18.2683507249	-17.8813494509	-17.4980397116	-17.1191889428	-16.7454716042	-16.3774740613	-16.0156998468	-15.6605751529	-15.3124544218	-14.9716259331	-14.6383173018	-14.3127008246	-13.9948986277	-13.6849875844	-13.3830039833
-23.322880099	-23.3084886554	-23.2654288605	-23.1940420685	-23.094889771	-22.9687427323	-22.8165663292	-22.6395026048	-22.4388496461	-22.2160389544	-21.9726115098	-21.7101932267	-21.4304704646	-21.1351662003	-20.8260173886	-20.5047539491	-20.1730797151	-19.8326555848	-19.4850850155	-19.1319019165	-18.7745609162	-18.4144299171	-18.0527847967	-17.6908060796	-17.329577373	-16.9700853494	-16.61322105	-16.2597822877	-15.9104769371	-15.5659269125	-15.2266726543	-14.8931779625	-14.5658350408	-14.2449696335	-13.9308461641	-13.6236727979	-13.3236063758	-13.0307571765	-12.7451934795	-12.4669459093
-21.5969885561	-21.5837310753	-21.5440642462	-21.4783028288	-21.3869645681	-21.2707601729	-21.130579793	-20.9674764667	-20.7826470992	-20.5774115906	-20.3531907592	-20.1114837037	-19.8538452173	-19.5818638115	-19.2971408382	-19.0012711098	-18.6958253324	-18.3823345682	-18.0622768613	-17.7370660747	-17.4080429174	-17.0764680814	-16.743517357	-16.410278564	-16.077750107	-15.7468409543	-15.4183718304	-15.0930774168	-14.7716093666	-14.4545399477	-14.1423661516	-13.8355141208	-13.5343437726	-13.2391535133	-12.9501849618	-12.6676276158	-12.3916234114	-12.1222711386	-11.8596306867	-11.6037270984
-19.9727872314	-19.9605969	-19.9241231217	-19.8636556295	-19.7796709995	-19.6728234233	-19.5439322562	-19.3939667757	-19.2240286671	-19.0353328048	-18.8291869252	-18.6069707835	-18.3701153584	-18.1200826191	-17.8583463036	-17.5863740783	-17.3056113651	-17.01746704	-16.7233011219	-16.424414498	-16.1220406656	-15.8173394148	-15.5113923319	-15.2051999705	-14.899680516	-14.5956697548	-14.2939221557	-13.995112875	-13.6998405041	-13.4086303939	-13.1219384058	-12.8401549595	-12.5636092659	-12.2925736541	-12.027267919	-11.7678636304	-11.5144883586	-11.2672297815	-11.0261396459	-10.7912375627
-18.4462010021	-18.435013684	-18.401541053	-18.3460493192	-18.268976364	-18.1709232585	-18.0526428183	-17.9150255943	-17.7590837744	-17.5859335196	-17.3967762805	-17.1928796415	-16.9755582078	-16.7461550116	-16.5060238467	-16.256512874	-15.9989497604	-15.7346285372	-15.4647982884	-15.1906537094	-14.9133275194	-14.633884654	-14.3533181293	-14.0725464348	-13.7924122936	-13.5136826157	-13.2370494685	-12.9631318905	-12.6924783847	-12.425569941	-12.1628234538	-11.9045954196	-11.6511858144	-11.4028420728	-11.1597630996	-10.9221032628	-10.689976324	-10.463459272	-10.2425960305	-10.0274010167
-17.0132380823	-17.0029922642	-16.9723367245	-16.9215155931	-16.8509304297	-16.7611324429	-16.6528119891	-16.526785721	-16.3839818179	-16.2254237809	-16.0522132936	-15.8655126484	-15.6665272143	-15.45648838	-15.2366373505	-15.0082101093	-14.7724237876	-14.5304646113	-14.2834775254	-14.0325575342	-13.7787427385	-13.5230090041	-13.2662661589	-13.0093555868	-12.753049071	-12.4980487254	-12.2449878538	-11.9944325802	-11.7468841021	-11.5027814339	-11.2625045191	-11.0263776126	-10.7946728425	-10.5676138808	-10.3453796619	-10.1281080979	-9.91589974864	-9.70882141168	-9.50690959927	-9.31017387875
-15.6699900234	-15.6606267598	-15.6326119392	-15.5861689933	-15.5216654345	-15.4396057302	-15.3406216886	-15.2254606903	-15.0949721657	-14.9500927575	-14.791830628	-14.6212493696	-14.4394519535	-14.2475651139	-14.0467245141	-13.8380609804	-13.6226880235	-13.4016908038	-13.176116632	-12.9469670375	-12.7151913879	-12.4816819965	-12.2472706253	-12.0127262598	-11.7787540222	-11.5459950757	-11.315027376	-11.0863671297	-10.8604708273	-10.6377377337	-10.4185127317	-10.2030894255	-9.99171342946	-9.78458577143	-9.58186635672	-9.38367744068	-9.19010706773	-9.00121243896	-8.81702317571	-8.63754445111
-14.4126317134	-14.4040945722	-14.3785516181	-14.3362069085	-14.2773960851	-14.2025798633	-14.1123352461	-14.0073447719	-13.8883841572	-13.7563087397	-13.6120391402	-13.4565465613	-13.2908381225	-13.1159425928	-12.9328968384	-12.742733245	-12.5464683162	-12.3450925904	-12.1395619559	-11.9307903974	-11.7196441531	-11.5069372267	-11.293428168	-11.0798180095	-10.8667492389	-10.6548056748	-10.4445131188	-10.2363406583	-10.0307025056	-9.82796026939	-9.62842556586	-9.43236288673	-9.23999265358	-9.05149439404	-8.86700998391	-8.68664690488	-8.51048147329	-8.33856200051	-8.17091185098	-8.00753236897
-13.2374213768	-13.2296563843	-13.2064238002	-13.1679095733	-13.1144195571	-13.0463735729	-12.9642973996	-12.868812969	-12.7606270996	-12.6405191354	-12.5093278736	-12.3679381614	-12.2172675255	-12.0582531643	-11.891839592	-11.7189671695	-11.5405617071	-11.3575252647	-11.1707282249	-10.9810026644	-10.7891370069	-10.5958719044	-10.4018972696	-10.2078503582	-10.014314794	-9.82182042095	-9.6308438692	-9.44180972707	-9.25509221784	-9.07101728942	-8.88986503307	-8.71187235589	-8.53723583832	-8.36611471458	-8.19863391936	-8.03488714949	-7.87493989477	-7.71883239769	-7.56658250782	-7.41818840241
-12.1407005726	-12.1336561586	-12.11257964	-12.0776400661	-12.0291154914	-11.9673875745	-11.8929342906	-11.8063210121	-11.7081902598	-11.5992504577	-11.4802640413	-11.3520352647	-11.2153980372	-11.0712040898	-10.9203117321	-10.7635754156	-10.601836267	-10.4359137083	-10.2665982287	-10.0946453317	-9.92077064149	-9.74564612211	-9.56989733894	-9.3941016763	-9.21878741551	-9.04443357419	-8.87147040859	-8.7002804845	-8.53120022748	-8.36452186934	-8.20049571317	-8.03933264502	-7.88120682483	-7.7262584944	-7.57459684513	-7.42630289334	-7.28143231735	-7.14001821629	-7.00207375767	-6.86759468733
-11.1188941885	-11.1125211316	-11.0934534011	-11.0618443013	-11.0179459861	-10.9621045574	-10.894753451	-10.8164053417	-10.7276428415	-10.6291082943	-10.5214929828	-10.4055260617	-10.2819635176	-10.1515774253	-10.0151457387	-9.8734428094	-9.72723078162	-9.57725196737	-9.4242222611	-9.26882561475	-9.11170955984	-8.9534817366	-8.79470736981	-8.6359076175	-8.47755871072	-8.32009179929	-8.16389341825	-8.00930649161	-7.85663179254	-7.70612978266	-7.558022756	-7.41249721685	-7.26970642436	-7.12977304133	-6.99279182955	-6.85883234022	-6.72794155453	-6.60014643665	-6.47545636857	-6.35386544374
-10.1685104233	-10.1627617951	-10.1455624373	-10.1170510087	-10.0774555722	-10.0270891565	-9.96634376822	-9.8956830637	-9.81563392714	-9.72677723082	-9.62973806234	-9.52517570326	-9.41377362899	-9.29622977545	-9.17324728506	-9.04552590683	-8.91375418424	-8.77860252419	-8.64071720126	-8.50071531737	-8.35918070752	-8.21666075901	-8.07366409454	-7.93065905729	-7.78807292889	-7.64629180706	-7.50566106738	-7.36648633371	-7.22903488119	-7.09353739753	-6.96019002909	-6.82915664135	-6.70057122656	-6.57454039637	-6.45114590298	-6.33044713937	-6.21248357636	-6.0972771025	-5.98483423992	-5.87514821694
-9.28614074035	-9.28097184988	-9.26550714248	-9.23987167866	-9.20427115138	-9.15898787879	-9.10437539704	-9.04085184194	-8.96889234342	-8.88902067983	-8.80180044962	-8.70782601622	-8.60771346899	-8.50209182082	-8.3915946335	-8.27685222774	-8.15848459858	-8.03709512079	-7.91326509515	-7.78754915652	-7.66047153956	-7.53252317764	-7.40415959534	-7.27579954349	-7.14782431784	-7.02057769653	-6.89436642762	-6.76946119494	-6.6460979889	-6.52447980832	-6.40477862053	-6.28713750933	-6.17167294471	-6.05847711398	-5.9476202606	-5.8391529851	-5.73310847006	-5.62950459982	-5.52834595268	-5.42962565073
-8.46845975336	-8.46382808843	-8.44997082852	-8.42700042934	-8.39510184825	-8.35452893511	-8.30559956191	-8.24868966097	-8.18422637291	-8.11268052622	-8.03455867962	-7.95039495665	-7.86074289027	-7.76616747522	-7.66723759973	-7.56451899785	-7.45856783208	-7.34992498454	-7.23911110583	-7.12662244485	-7.0129274609	-6.8984642016	-6.78363841517	-6.66882235452	-6.55435422087	-6.44053818703	-6.32764493474	-6.2159126357	-6.10554830333	-5.9967294418	-5.8896059199	-5.78430200109	-5.68091846612	-5.57953477153	-5.480211195	-5.38299092694	-5.2879020759	-5.19495956348	-5.1041668916	-5.01551777154
-7.71222496852	-7.70809013417	-7.69571945248	-7.67521371493	-7.64673868954	-7.61052187856	-7.56684814258	-7.51605434307	-7.45852318332	-7.39467644641	-7.32496783655	-7.24987562937	-7.16989532568	-7.08553248597	-6.99729590025	-6.9056912211	-6.81121516101	-6.71435032785	-6.61556074718	-6.51528809782	-6.4139486668	-6.31193101334	-6.20959431628	-6.10726736694	-6.0052481585	-5.90380401359	-5.80317218499	-5.70356085895	-5.6051504885	-5.5080953839	-5.41252549007	-5.31854828551	-5.22625074369	-5.13570130564	-5.04695182064	-4.96003942054	-4.87498830121	-4.79181139217	-4.71051190198	-4.63108473276
-7.01427625103	-7.01059990114	-6.99960105685	-6.9813697316	-6.95605396037	-6.92385689391	-6.88503287605	-6.83988263993	-6.78874778327	-6.73200469977	-6.67005815064	-6.60333465967	-6.532275906	-6.45733227387	-6.37895669928	-6.29759893106	-6.21370030049	-6.12768907056	-6.03997641383	-5.95095304744	-5.86098653471	-5.77041924621	-5.67956695697	-5.5887180431	-5.49813322883	-5.40804582517	-5.31866239421	-5.23016376874	-5.14270635542	-5.05642365133	-4.97142790768	-4.88781188046	-4.8056506153	-4.72500322193	-4.64591460201	-4.56841710227	-4.49253207234	-4.41827131349	-4.34563840985	-4.27462993889
-6.37153480848	-6.36828056716	-6.35854471125	-6.34240730593	-6.32000001613	-6.29150350754	-6.25714393743	-6.21718865533	-6.1719412562	-6.12173614321	-6.06693276435	-6.00790968646	-5.94505866315	-5.87877884092	-5.80947123109	-5.73753355693	-5.66335556461	-5.58731486697	-5.50977336828	-5.43107429891	-5.35153987007	-5.2714695409	-5.1911388738	-5.1107989395	-5.03067622097	-4.95097295597	-4.87186785194	-4.79351710409	-4.71605564791	-4.63959858046	-4.5642426903	-4.49006804277	-4.41713957527	-4.34550866538	-4.27521464245	-4.20628622103	-4.13874284083	-4.07259590371	-4.00784990292	-3.94450344368
-5.78100140899	-5.77813477723	-5.76955867155	-5.75534397975	-5.73560726188	-5.71050842987	-5.68024761326	-5.64506131776	-5.60521800283	-5.56101321825	-5.51276444615	-5.46080579536	-5.40548268968	-5.34714668151	-5.28615050908	-5.22284349911	-5.15756739915	-5.09065270504	-5.02241552932	-4.95315503709	-4.8831514566	-4.8126646535	-4.7419332412	-4.67117418549	-4.60058285035	-4.53033342417	-4.46057966114	-4.39145587213	-4.32307810121	-4.25554542907	-4.18894135041	-4.12333518027	-4.05878345164	-3.99533127465	-3.93301363469	-3.87185661311	-3.81187852018	-3.75309093399	-3.69549964342	-3.63910549559
-5.23975350916	-5.23724175327	-5.22972743513	-5.21727297461	-5.19998099098	-5.17799223414	-5.15148278963	-5.12066065163	-5.08576177648	-5.04704574155	-5.004791141	-4.95929085134	-4.91084729568	-4.85976782801	-4.80636034673	-4.75092923283	-4.69377169103	-4.63517455414	-4.57541159144	-4.51474134197	-4.45340547445	-4.39162765744	-4.32961290741	-4.26754737009	-4.20559848067	-4.14391544341	-4.082629969	-4.02185720928	-3.96169683287	-3.90223419058	-3.84354152646	-3.78567919743	-3.72869687169	-3.67263468288	-3.61752432319	-3.56339006381	-3.51024969594	-3.45811538871	-3.40699446395	-3.3568900894
-4.74494100919	-4.74275303031	-4.7362074207	-4.72535877992	-4.71029684894	-4.69114466885	-4.66805609296	-4.64121273627	-4.61082046315	-4.57710552533	-4.54031046965	-4.50068993641	-4.45850646705	-4.41402643253	-4.36751618381	-4.3192385114	-4.2694494852	-4.21839572683	-4.1663121475	-4.11342016447	-4.05992639068	-4.00602177517	-3.95188115829	-3.89766319513	-3.84351059423	-3.78955061544	-3.73589577121	-3.68264467824	-3.62988301121	-3.57768451641	-3.52611204931	-3.47521860693	-3.42504833227	-3.37563747341	-3.32701528536	-3.27920486683	-3.2322239274	-3.18608548392	-3.14079848655	-3.09636837694
-4.2937805299	-4.29188671905	-4.28622118873	-4.27683130688	-4.26379490294	-4.24721863352	-4.22723577478	-4.20400351744	-4.17769985516	-4.14852016864	-4.11667361407	-4.08237942703	-4.04586325046	-4.00735358898	-3.96707848111	-3.92526246699	-3.88212391283	-3.83787273413	-3.79270854111	-3.74681921064	-3.70037987203	-3.65355227957	-3.60648453392	-3.5593111065	-3.51215311765	-3.46511881825	-3.41830422638	-3.37179387461	-3.3256616282	-3.27997154058	-3.234778718	-3.19013017122	-3.1460656371	-3.10261835772	-3.05981580867	-3.01768037119	-2.97622994593	-2.93547850774	-2.89543660306	-2.85611179207
-3.88354844969	-3.88192053988	-3.87705046835	-3.86897890937	-3.8577726663	-3.84352322832	-3.82634482312	-3.80637203431	-3.78375706686	-3.75866675397	-3.73127940498	-3.70178159592	-3.67036500115	-3.63722335799	-3.60254964453	-3.56653353681	-3.52935919444	-3.49120340577	-3.45223410556	-3.41260926151	-3.37247611138	-3.33197072127	-3.29121782751	-3.25033092004	-3.20941252344	-3.1685546329	-3.12783926497	-3.0873390872	-3.04711809552	-3.00723231314	-2.96773049001	-2.9286547861	-2.89004142627	-2.85192131792	-2.81432062553	-2.77726129906	-2.74076155469	-2.7048363084	-2.66949756374	-2.63475475622
-3.51157342519	-3.51018435942	-3.50602874352	-3.49914105936	-3.48957791207	-3.47741676743	-3.46275425154	-3.44570407597	-3.42639466501	-3.40496657027	-3.38156976361	-3.35636089966	-3.32950063549	-3.30115108695	-3.27147348915	-3.24062611421	-3.20876248266	-3.17602988864	-3.14256824268	-3.1085092225	-3.07397571052	-3.03908148889	-3.00393115769	-2.96862023951	-2.93323543374	-2.89785498581	-2.86254913951	-2.82738064466	-2.79240529617	-2.75767248515	-2.72322574625	-2.6891032894	-2.65533850689	-2.62196044988	-2.58899427016	-2.5564616254	-2.52438104715	-2.49276827226	-2.46163653911	-2.4309968508
-3.17522965566	-3.17405349453	-3.17053467768	-3.16470197801	-3.1566026041	-3.14630111253	-3.13387794728	-3.11942766438	-3.10305691145	-3.08488223975	-3.0650278294	-3.04362320827	-3.02080103916	-2.99669504139	-2.97143810049	-2.94516060571	-2.91798904001	-2.89004483312	-2.86144347505	-2.83229387685	-2.80269795742	-2.77275042988	-2.74253875792	-2.71214325223	-2.68163727755	-2.65108754363	-2.62055445564	-2.59009250326	-2.55975067088	-2.52957285456	-2.49959827444	-2.46986187396	-2.44039469963	-2.41122425696	-2.38237484007	-2.35386783361	-2.32572198675	-2.29795366014	-2.27057704687	-2.2436043694
-2.87193258	-2.87094447265	-2.86798806458	-2.86308690638	-2.85627961941	-2.8476189806	-2.83717069791	-2.82501192891	-2.81122960519	-2.79591863039	-2.77918002198	-2.7611190643	-2.74184353388	-2.7214620491	-2.70008258417	-2.67781117526	-2.65475083357	-2.631000669	-2.60665521832	-2.5818039639	-2.5565310242	-2.53091499364	-2.50502890858	-2.47894031596	-2.45271142256	-2.42639930488	-2.40005616176	-2.3737295947	-2.347462903	-2.32129538363	-2.29526262751	-2.26939680626	-2.24372694471	-2.21827917641	-2.19307698012	-2.16814139664	-2.14349122599	-2.11914320543	-2.09511216971	-2.07141119469
-2.59913883312	-2.59831506786	-2.59585010306	-2.59176277517	-2.5860839644	-2.57885584989	-2.57013091725	-2.55997076437	-2.54844475933	-2.53562860762	-2.52160288652	-2.50645160021	-2.49026080325	-2.4731173304	-2.45510766131	-2.43631693763	-2.41682814071	-2.39672142952	-2.37607363154	-2.35495787463	-2.33344334439	-2.31159515021	-2.28947428225	-2.26713764265	-2.24463813488	-2.22202479695	-2.19934296601	-2.17663446341	-2.15393779139	-2.13128833395	-2.10871855628	-2.08625819821	-2.06393445871	-2.04177216908	-2.01979395387	-1.99802037888	-1.97647008637	-1.95515991814	-1.93410502728	-1.91331897979
-2.35435198461	-2.35367012197	-2.3516294625	-2.34824466945	-2.34353978085	-2.33754763052	-2.33030907962	-2.32187209687	-2.31229073099	-2.30162402081	-2.28993488758	-2.27728904984	-2.26375399511	-2.24939803491	-2.23428946178	-2.21849581912	-2.20208328772	-2.18511618727	-2.16765658656	-2.14976401329	-2.13149525226	-2.11290422018	-2.09404190476	-2.07495635667	-2.0556927233	-2.03629331473	-2.0167976931	-1.99724277809	-1.97766296214	-1.95809023042	-1.9385542814	-1.91908264502	-1.89970079619	-1.88043226221	-1.86129872322	-1.84232010557	-1.8235146681	-1.80489908192	-1.78648850448	-1.76829664853
-2.13513479237	-2.13457386464	-2.13289479908	-2.13010865907	-2.12623359001	-2.12129439632	-2.11532198178	-2.10835268236	-2.100427524	-2.09159143852	-2.0818924693	-2.07138099479	-2.0601089927	-2.04812936225	-2.03549531622	-2.02225984925	-2.00847528447	-1.994192897	-1.97946261016	-1.96433275846	-1.94884991039	-1.93305874336	-1.91700196321	-1.9007202608	-1.88425229867	-1.8676347215	-1.85090218451	-1.83408739493	-1.81722116226	-1.80033245395	-1.78344845356	-1.76659461941	-1.74979474229	-1.7330710011	-1.71644401616	-1.69993289995	-1.68355530555	-1.66732747313	-1.65126427513	-1.63537926062
-1.93912753432	-1.93866827848	-1.93729321652	-1.93501040486	-1.93183307399	-1.92777934494	-1.92287185474	-1.91713731044	-1.91060599312	-1.90331123346	-1.89528887905	-1.88657677082	-1.87721424288	-1.86724165611	-1.85669997308	-1.84563037823	-1.834073945	-1.82207134984	-1.80966263084	-1.79688698841	-1.78378262412	-1.77038661372	-1.75673480993	-1.74286177091	-1.72880071007	-1.71458346339	-1.70024047077	-1.68580076809	-1.67129198742	-1.65674036308	-1.64217074171	-1.62760659518	-1.61307003528	-1.5985818298	-1.58416141978	-1.56982693785	-1.55559522818	-1.54148186796	-1.52750119122	-1.513666315
-1.76407069495	-1.76369577429	-1.76257290368	-1.76070772214	-1.7581095126	-1.75479103558	-1.75076830857	-1.74606034211	-1.74068884394	-1.73467790291	-1.72805366333	-1.72084399905	-1.71307819506	-1.70478664265	-1.69600055268	-1.68675169004	-1.67707213134	-1.66699404658	-1.65654950511	-1.64577030507	-1.6346878252	-1.62333289758	-1.61173569922	-1.59992566064	-1.58793138916	-1.57578060494	-1.56350008772	-1.55111563241	-1.53865201213	-1.52613294726	-1.51358107965	-1.50101795124	-1.48846398676	-1.47593848033	-1.46345958603	-1.4510443125	-1.43870852196	-1.42646693382	-1.41433313309	-1.40231958377
-1.60782923041	-1.60752339928	-1.60660717086	-1.60508432434	-1.60296110647	-1.60024615582	-1.59695040077	-1.59308693457	-1.58867087116	-1.58371918569	-1.57825054336	-1.57228512021	-1.5658444192	-1.55895108473	-1.55162871852	-1.54390169945	-1.53579500955	-1.52733406799	-1.51854457457	-1.50945236354	-1.50008326827	-1.49046299699	-1.48061701921	-1.47057046238	-1.46034801813	-1.44997385719	-1.43947155233	-1.42886400832	-1.41817339862	-1.40742110798	-1.3966276809	-1.38581277569	-1.37499512421	-1.36419249749	-1.35342167738	-1.34269843454	-1.332037513	-1.32145262144	-1.3109564313	-1.30056058164
-1.46841513997	-1.46816531718	-1.46741665564	-1.46617157366	-1.46443409437	-1.46220983353	-1.45950598025	-1.45633126893	-1.45269594066	-1.44861169277	-1.44409161542	-1.43915011531	-1.4338028269	-1.42806651247	-1.42195895268	-1.41549882989	-1.40870560649	-1.40159940036	-1.39420085974	-1.38653103914	-1.37861127786	-1.37046308217	-1.36210801197	-1.35356757244	-1.34486311091	-1.33601571924	-1.32704614161	-1.31797468787	-1.30882115264	-1.29960474016	-1.29034399531	-1.28105674109	-1.27176002295	-1.26247006033	-1.25320220592	-1.24397091283	-1.2347897099	-1.22567118535	-1.21662697846	-1.20766777936
-1.34400530067	-1.34380053567	-1.34318673127	-1.34216536546	-1.34073892124	-1.33891091303	-1.33668591812	-1.3340696083	-1.33106877701	-1.32769135758	-1.32394642916	-1.31984420783	-1.31539602178	-1.31061427046	-1.3055123685	-1.30010467604	-1.29440641728	-1.28843358948	-1.28220286478	-1.2757314866	-1.26903716281	-1.26213795713	-1.2550521802	-1.2477982815	-1.24039474298	-1.2328599754	-1.22521221799	-1.21746944223	-1.20964926041	-1.2017688398	-1.19384482295	-1.18589325513	-1.1779295193	-1.1699682794	-1.1620234324	-1.15410806935	-1.14623444577	-1.13841396115	-1.13065714756	-1.12297366678
-1.23295241169	-1.23278374923	-1.23227804874	-1.23143618101	-1.23025962976	-1.22875053671	-1.22691175781	-1.22474692504	-1.22226050795	-1.21945786941	-1.21634531095	-1.21293010419	-1.2092205062	-1.20522575757	-1.20095606338	-1.19642255757	-1.19163725245	-1.18661297471	-1.18136329018	-1.17590241917	-1.17024514432	-1.16440671284	-1.15840273482	-1.15224907905	-1.14596176794	-1.13955687266	-1.13305041	-1.12645824205	-1.11979597983	-1.11307889224	-1.10632182119	-1.09953910414	-1.09274450471	-1.08595115229	-1.07917149106	-1.07241723876	-1.06569935533	-1.05902802129	-1.05241262548	-1.04586176165
-1.13378817202	-1.13364843869	-1.13322940538	-1.13253158298	-1.13155585798	-1.13030354174	-1.12877643314	-1.12697688948	-1.12490790007	-1.12257315707	-1.11997711878	-1.11712506171	-1.11402311845	-1.11067829964	-1.10709849919	-1.10329248276	-1.09926986015	-1.09504104272	-1.09061718726	-1.08601012801	-1.08123229855	-1.07629664533	-1.07121653467	-1.06600565489	-1.06067791536	-1.05524734414	-1.04972798578	-1.04413380105	-1.03847857004	-1.03277580011	-1.02703864022	-1.02127980259	-1.01551149295	-1.00974535002	-1.00399239479	-0.998262989943	-0.992566809244	-0.986912816897	-0.98130925624	-0.975763647213
-1.04521910956	-1.04510265458	-1.04475339393	-1.04417165022	-1.04335799248	-1.04231328085	-1.04103872432	-1.03953594752	-1.03780706205	-1.03585473782	-1.03368227006	-1.03129363826	-1.02869355416	-1.02588749631	-1.02288172991	-1.01968331108	-1.0163000755	-1.01274061195	-1.00901422141	-1.00513086321	-1.00110108944	-0.996935969345	-0.992647005447	-0.988246043175	-0.983745175921	-0.979156647416	-0.97449275335	-0.969765744141	-0.964987730655	-0.960170594601	-0.955325905134	-0.950464842989	-0.945598133232	-0.940735987401	-0.935888055538	-0.93106338831	-0.926270409126	-0.921516895913	-0.916809972007	-0.912156105417
-0.966116467627	-0.966018890827	-0.96572623951	-0.965238758507	-0.964556880716	-0.963681262848	-0.962612832568	-0.961352844297	-0.959902940516	-0.958265215138	-0.956442275429	-0.954437299183	-0.952254084134	-0.94989708713	-0.947371451109	-0.944683018565	-0.941838330766	-0.938844612544	-0.935709742972	-0.932442212683	-0.92905106891	-0.925545849653	-0.9219365086	-0.91823333261	-0.914446853727	-0.910587757771	-0.906666791575	-0.902694670951	-0.898681991361	-0.894639143111	-0.890576232715	-0.88650301176	-0.882428814379	-0.878362504022	-0.874312429993	-0.870286393811	-0.866291625242	-0.862334767553	-0.858421871353	-0.854558396243
-0.895502068911	-0.895419962465	-0.895173718796	-0.894763570242	-0.89418992164	-0.893453376105	-0.892554769809	-0.891495214342	-0.890276144767	-0.88889937105	-0.88736713026	-0.885682136746	-0.883847627562	-0.88186740061	-0.879745843299	-0.877487950013	-0.87509932714	-0.872586185007	-0.869955316538	-0.867214062956	-0.8643702673	-0.861432216916	-0.858408576377	-0.855308312625	-0.85214061427	-0.848914807151	-0.84564026834	-0.8423263407	-0.838982250072	-0.835617026946	-0.832239434232	-0.828857902488	-0.825480473578	-0.822114753426	-0.818767874183	-0.8154464658	-0.812156636726	-0.80890396322	-0.80569348657	-0.802529717402
-0.832532122768	-0.832462843654	-0.832255089902	-0.831909115572	-0.831425355114	-0.830804439909	-0.830047221342	-0.829154799987	-0.82812856008	-0.826970207948	-0.825681812616	-0.824265846405	-0.822725223186	-0.821063331872	-0.819284062917	-0.817391825889	-0.815391556573	-0.813288712571	-0.811089256852	-0.808799629243	-0.806426706327	-0.803977750684	-0.801460350793	-0.798882353277	-0.796251789389	-0.793576797841	-0.790865546139	-0.78812615257	-0.785366610858	-0.782594719349	-0.779818016247	-0.777043722179	-0.774278690952	-0.771529369058	-0.768801764121	-0.76610142217	-0.763433413372	-0.760802325645	-0.758212265397	-0.755666864551
-0.776480650291	-0.776422131247	-0.776246670348	-0.775954557938	-0.775546283554	-0.775022544822	-0.774384260583	-0.773632588563	-0.772768947509	-0.771795043245	-0.770712897588	-0.769524878532	-0.76823372979	-0.766842597555	-0.765355052349	-0.763775103971	-0.762107207882	-0.760356261739	-0.758527591326	-0.756626925582	-0.754660361005	-0.752634316151	-0.750555477421	-0.748430737693	-0.746267129637	-0.744071755746	-0.741851717188	-0.739614043575	-0.737365625572	-0.735113152113	-0.732863053634	-0.730621452458	-0.728394121071	-0.7261864487	-0.724003416273	-0.721849579523	-0.719729059824	-0.717645542072	-0.715602278886	-0.713602100253
-0.726723745656	-0.726674345108	-0.726526253252	-0.726279799863	-0.725935536129	-0.725494237636	-0.724956909656	-0.724324795418	-0.723599387822	-0.722782444607	-0.721876006453	-0.720882417009	-0.719804343336	-0.718644794985	-0.717407139787	-0.716095114442	-0.714712828252	-0.713264758614	-0.711755737384	-0.710190927666	-0.708575791141	-0.70691604651	-0.705217620124	-0.703486590245	-0.701729126673	-0.699951427688	-0.698159656314	-0.69635987786	-0.694558000585	-0.692759721052	-0.690970475476	-0.689195398007	-0.687439286558	-0.685706576428	-0.684001321674	-0.682327183936	-0.680687428166	-0.679084924606	-0.67752215622	-0.676001230764
-0.682725419639	-0.682683806693	-0.682559090157	-0.682351636469	-0.682062055001	-0.681691196728	-0.681240153607	-0.680710259555	-0.680103093759	-0.679420486703	-0.678664528838	-0.677837581295	-0.676942287589	-0.675981584856	-0.67495871299	-0.673877219952	-0.672740961651	-0.671554095085	-0.670321063764	-0.669046574933	-0.667735568587	-0.666393178783	-0.66502468819	-0.663635477235	-0.662230969469	-0.660816574982	-0.659397633738	-0.657979360654	-0.656566794089	-0.655164749155	-0.65377777696	-0.652410130569	-0.651065738106	-0.649748183133	-0.648460692127	-0.647206128668	-0.645986993743	-0.644805431485	-0.643663239545	-0.642561883307
-0.644025373865	-0.643990442466	-0.643885781221	-0.643711787909	-0.643469122133	-0.643158700934	-0.642781693875	-0.64233951853	-0.641833837232	-0.641266555687	-0.640639823692	-0.639956037696	-0.639217844516	-0.638428145121	-0.6375900971	-0.636707114361	-0.635782862591	-0.634821249265	-0.633826407266	-0.632802671621	-0.631754549316	-0.630686682615	-0.629603806775	-0.628510703391	-0.627412150904	-0.626312873955	-0.625217493324	-0.624130478097	-0.62305610155	-0.621998401986	-0.620961149427	-0.619947818784	-0.618961569771	-0.618005233551	-0.617081305838	-0.616191945984	-0.615338981426	-0.614523916781	-0.613747946806	-0.613011972469
-0.610228767952	-0.610199573994	-0.610112133666	-0.609966870132	-0.60976448395	-0.609505946593	-0.609192492475	-0.608825610388	-0.608407035234	-0.607938740769	-0.607422933785	-0.606862049749	-0.606258749514	-0.605615916304	-0.604936651924	-0.604224270936	-0.603482291574	-0.602714422295	-0.60192454313	-0.601116681378	-0.600294981602	-0.599463670348	-0.598627016389	-0.597789287665	-0.59695470634	-0.596127403525	-0.595311375237	-0.594510441086	-0.593728206969	-0.592968032821	-0.592233006159	-0.59152592184	-0.590849268166	-0.590205219196	-0.589595632898	-0.589022054595	-0.588485725064	-0.587987592551	-0.587528327961	-0.58710834248
-0.580997863217	-0.580973579023	-0.580900874656	-0.580780193037	-0.580612266756	-0.58039811017	-0.580139009287	-0.579836510245	-0.579492407261	-0.579108730794	-0.578687736469	-0.578231894978	-0.577743882803	-0.577226573259	-0.576683027038	-0.576116481274	-0.575530336091	-0.574928137699	-0.574313557316	-0.573690365545	-0.573062402191	-0.572433541915	-0.571807656528	-0.571188574989	-0.570580042436	-0.569985679675	-0.569408944531	-0.568853096383	-0.568321164979	-0.567815924406	-0.56733987275	-0.566895217738	-0.566483868331	-0.566107432033	-0.565767217461	-0.565464241585	-0.565199240964	-0.564972686254	-0.564784799259	-0.564635571829
-0.556045334043	-0.556025215622	-0.55596501359	-0.555865185745	-0.55572648889	-0.555549969967	-0.555336954431	-0.555089032603	-0.554808044782	-0.554496065876	-0.554155390164	-0.553788516529	-0.553398134209	-0.552987108771	-0.552558467737	-0.5521153851	-0.551661163895	-0.551199216069	-0.550733039043	-0.5502661887	-0.549802248817	-0.549344797378	-0.548897370502	-0.548463425035	-0.548046301009	-0.547649185274	-0.54727507758	-0.546926760239	-0.546606772316	-0.546317389033	-0.546060606782	-0.545838133871	-0.545651386873	-0.545501492231	-0.545389292607	-0.545315357341	-0.545279996326	-0.545283276591	-0.545325040871	-0.545404927529
-0.535129004822	-0.535112368344	-0.535062615802	-0.534980215867	-0.534865943086	-0.534720868352	-0.534546346237	-0.534343999796	-0.534115703578	-0.533863565573	-0.533589908716	-0.533297252412	-0.532988294243	-0.532665891755	-0.532333043939	-0.531992871858	-0.531648597765	-0.531303522094	-0.530960997901	-0.530624402514	-0.530297106525	-0.529982440552	-0.529683660496	-0.529403912285	-0.52914619724	-0.52891333924	-0.528707954839	-0.528532427315	-0.528388885453	-0.528279187584	-0.528204911136	-0.528167347709	-0.528167503428	-0.52820610415	-0.52828360496	-0.528400203291	-0.528555854975	-0.528750292495	-0.528983044787	-0.529253457941
-0.518047773808	-0.518033978622	-0.517992752546	-0.517924571964	-0.517830224015	-0.51771079663	-0.51756766512	-0.517402475883	-0.517217127869	-0.517013752501	-0.516794692703	-0.516562481536	-0.516319820706	-0.516069558996	-0.515814670387	-0.51555823148	-0.51530339773	-0.515053378031	-0.51481140731	-0.514580717023	-0.514364503713	-0.514165896084	-0.513987921326	-0.513833471613	-0.513705271865	-0.513605849833	-0.513537509561	-0.513502309069	-0.513502042928	-0.513538230122	-0.513612107341	-0.513724627593	-0.513876463828	-0.514068017075	-0.514299428476	-0.51457059455	-0.514881184966	-0.515230662126	-0.51561830191	-0.516043214979
-0.504638508306	-0.504626944549	-0.504592414536	-0.504535399921	-0.504456696461	-0.504357403749	-0.504238911298	-0.50410288146	-0.503951229787	-0.50378610347	-0.503609858531	-0.503425036281	-0.503234339401	-0.50304060779	-0.502846794071	-0.502655938502	-0.50247114293	-0.502295543442	-0.502132281486	-0.501984473411	-0.50185517865	-0.501747367027	-0.5016638859	-0.501607428054	-0.501580501343	-0.501585401104	-0.501624186263	-0.501698659901	-0.501810354829	-0.501960524467	-0.502150139083	-0.502379887182	-0.502650181688	-0.50296117036	-0.503312749799	-0.503704582361	-0.50413611525	-0.504606601112	-0.505115119482	-0.505660598529
-0.494773727645	-0.494763807034	-0.494734207609	-0.494685414446	-0.494618228899	-0.494533758132	-0.49443340086	-0.494318829748	-0.494191970995	-0.494054981759	-0.493910226046	-0.493760249623	-0.493607754367	-0.493455572242	-0.493306638901	-0.493163966762	-0.493030617277	-0.492909672154	-0.492804203373	-0.49271724201	-0.492651746137	-0.492610568282	-0.492596423182	-0.492611856695	-0.492659216848	-0.492740627967	-0.492857968747	-0.493012854949	-0.493206627193	-0.493440344065	-0.493714780517	-0.494030431304	-0.494387519031	-0.494786006234	-0.495225610821	-0.495705824179	-0.496225931216	-0.496785031671	-0.497382062071	-0.498015817762
-0.488359924929	-0.488351073695	-0.488324683075	-0.488281240161	-0.488221549596	-0.488146722988	-0.488058164453	-0.487957552674	-0.487846820024	-0.487728129342	-0.487603849009	-0.487476526884	-0.487348863545	-0.487223685064	-0.487103915395	-0.486992548249	-0.486892618279	-0.486807171366	-0.486739233909	-0.486691781189	-0.486667705067	-0.486669781554	-0.486700638951	-0.486762727437	-0.486858291027	-0.486989342825	-0.487157644378	-0.487364689767	-0.487611694838	-0.487899591767	-0.488229028859	-0.488600375312	-0.489013730476	-0.489468937004	-0.489965597221	-0.49050309199	-0.491080601366	-0.491697126364	-0.492351511222	-0.493042465631
-0.485336412468	-0.485328065693	-0.485303188752	-0.485262269624	-0.485206114406	-0.485135836672	-0.485052842916	-0.484958814468	-0.484855686397	-0.484745623994	-0.484630997466	-0.484514355428	-0.484398397614	-0.484285947107	-0.484179922142	-0.484083307431	-0.483999124827	-0.483930403175	-0.483880147259	-0.483851305941	-0.483846739773	-0.483869188613	-0.483921239949	-0.484005298804	-0.48412356013	-0.484277984586	-0.484470278505	-0.484701878634	-0.484973942056	-0.48528734143	-0.485642665457	-0.486040224269	-0.486480059251	-0.4869619567	-0.487485464625	-0.488049911972	-0.488654429557	-0.489297972051	-0.489979340389	-0.490697204076
-0.484463368845	-0.484455167778	-0.484430728048	-0.484390537881	-0.484335403785	-0.484266439883	-0.484185053336	-0.484092926217	-0.483991994346	-0.483884423695	-0.48377258497	-0.483659026974	-0.483546449171	-0.483437673752	-0.483335617279	-0.483243261839	-0.48316362557	-0.483099732378	-0.48305458079	-0.483031112025	-0.483032177583	-0.483060506868	-0.483118675579	-0.483209075692	-0.483333887986	-0.483495057978	-0.483694276056	-0.483932962416	-0.484212257179	-0.48453301583	-0.484895809869	-0.485300932389	-0.485748408054	-0.486238006907	-0.486769261295	-0.487341485193	-0.487953795225	-0.488605132705	-0.489294286084	-0.490019913293
-0.480777263982	-0.480769678355	-0.480747085287	-0.480709974025	-0.480659152741	-0.480595737805	-0.480521139096	-0.4804370417	-0.480345384486	-0.480248336156	-0.480148269384	-0.480047733621	-0.479949427046	-0.479856167955	-0.479770865705	-0.479696491197	-0.479636046767	-0.479592535378	-0.479568929047	-0.47956813665	-0.479592971395	-0.479646118513	-0.479730103859	-0.4798472643	-0.479999720756	-0.480189354791	-0.480417789485	-0.48068637517	-0.480996180385	-0.481347988141	-0.48174229739	-0.482179329344	-0.482659038163	-0.483181125361	-0.483745057259	-0.484350084744	-0.484995264629	-0.485679481948	-0.486401472582	-0.487159845696
-0.473777729534	-0.473771313721	-0.473752230689	-0.473720971466	-0.473678347123	-0.473625477939	-0.473563778506	-0.473494939106	-0.47342090381	-0.473343845876	-0.473266141048	-0.473190339348	-0.473119135857	-0.47305534084	-0.473001849379	-0.472961610577	-0.472937596262	-0.472932769165	-0.472950050555	-0.472992287526	-0.473062220263	-0.473162449838	-0.473295407252	-0.473463324551	-0.473668208885	-0.473911820324	-0.474195654151	-0.47452092812	-0.474888574988	-0.475299240368	-0.475753285722	-0.476250796122	-0.476791592236	-0.477375245896	-0.478001098533	-0.478668281747	-0.479375739315	-0.480122249952	-0.480906450266	-0.481726857372
-0.463530714497	-0.46352601438	-0.463512079187	-0.463489402165	-0.463458798006	-0.463421391845	-0.463378604092	-0.463332131357	-0.46328392389	-0.463236160063	-0.463191218482	-0.46315164834	-0.463120138532	-0.463099485961	-0.463092563281	-0.463102286249	-0.463131580708	-0.463183349278	-0.463260437847	-0.463365602094	-0.463501474451	-0.463670532065	-0.463875066481	-0.464117155847	-0.46439864045	-0.464721102367	-0.465085849812	-0.465493906647	-0.465946007224	-0.46644259655	-0.466983835515	-0.467569610741	-0.468199548465	-0.468873031774	-0.469589220469	-0.470347072802	-0.471145368392	-0.471982731671	-0.472857655283	-0.473768522945
-0.450132670306	-0.450130220182	-0.450123035711	-0.450111612349	-0.450096768363	-0.450079633642	-0.450061634193	-0.450044472515	-0.450030104237	-0.450020711464	-0.450018673424	-0.450026535008	-0.450046973794	-0.450082766038	-0.450136752014	-0.45021180097	-0.450310775912	-0.450436498366	-0.450591713378	-0.450779055064	-0.451001013176	-0.4512599013	-0.451557827388	-0.451896667398	-0.452278042804	-0.452703302627	-0.453173510515	-0.45368943718	-0.454251558272	-0.454860057559	-0.455514835053	-0.45621551956	-0.456961485017	-0.45775186987	-0.458585598755	-0.45946140572	-0.460377858297	-0.461333381787	-0.462326283205	-0.463354774435
-0.433709603149	-0.433709923568	-0.433711051268	-0.433713483299	-0.433718040464	-0.433725855918	-0.43373835928	-0.433757256396	-0.433784505054	-0.43382228705	-0.433872977142	-0.433939109509	-0.434023342316	-0.434128421002	-0.434257140759	-0.434412308664	-0.434596705801	-0.434813049737	-0.435063957728	-0.435351911105	-0.435679221396	-0.436047998841	-0.436460124001	-0.436917223198	-0.437420648455	-0.437971462491	-0.438570429154	-0.439218009457	-0.439914363155	-0.440659355592	-0.441452569342	-0.442293320028	-0.443180675591	-0.444113478232	-0.445090368248	-0.446109809	-0.447170112323	-0.448269463771	-0.449405947172	-0.450577568082
-0.414415946617	-0.414419543252	-0.414430499696	-0.414449313244	-0.414476804975	-0.414514108111	-0.414562651704	-0.414624139746	-0.414700525889	-0.414793984129	-0.414906875929	-0.415041714393	-0.415201126149	-0.415387811618	-0.415604504314	-0.415853929794	-0.416138764795	-0.416461597123	-0.416824886843	-0.417230929388	-0.417681821233	-0.418179428846	-0.418725361635	-0.419320949555	-0.419967225963	-0.420664916122	-0.421414431587	-0.42221587047	-0.42306902333	-0.423973384282	-0.424928166694	-0.425932322746	-0.426984566045	-0.428083396462	-0.42922712638	-0.430413907589	-0.431641758162	-0.432908588708	-0.434212227556	-0.435550444462
-0.392433352731	-0.392440716199	-0.392462972505	-0.392500616985	-0.392554467295	-0.392625651492	-0.392715591268	-0.392825980358	-0.392958758223	-0.393116079298	-0.393300278221	-0.393513831633	-0.393759317235	-0.394039370891	-0.394356642561	-0.394713751852	-0.395113243987	-0.395557546934	-0.396048930494	-0.396589468103	-0.397181002145	-0.397825113542	-0.398523096335	-0.399275937864	-0.400084305005	-0.400948536731	-0.401868643007	-0.402844309836	-0.403874910016	-0.404959518993	-0.406096935054	-0.407285702997	-0.408524140388	-0.409810365508	-0.411142326175	-0.41251782865	-0.413934566005	-0.415390145387	-0.416882113747	-0.418407981735
-0.367969514389	-0.367981120796	-0.36801610422	-0.368074954851	-0.368158481569	-0.3682677997	-0.368404313741	-0.368569695017	-0.368765854299	-0.3689949096	-0.369259149502	-0.369560992585	-0.369902943669	-0.370287547744	-0.370717342504	-0.371194810502	-0.371722331929	-0.372302139016	-0.372936273082	-0.373626545175	-0.374374501241	-0.375181392652	-0.376048152798	-0.376975380285	-0.377963329045	-0.379011905452	-0.380120672232	-0.381288858774	-0.382515377167	-0.383798843183	-0.385137601247	-0.386529752452	-0.387973184598	-0.389465603345	-0.391004563615	-0.39258750049	-0.394211758993	-0.395874622244	-0.397573337627	-0.399305140695
-0.341257141192	-0.341273452999	-0.341322549503	-0.341404911441	-0.34152133169	-0.341672902615	-0.341860998216	-0.342087250956	-0.342353523285	-0.34266187398	-0.343014519624	-0.343413791763	-0.343862090465	-0.344361835236	-0.344915414357	-0.34552513385	-0.346193167295	-0.346921507782	-0.347711923219	-0.348565916173	-0.349484689293	-0.350469117226	-0.35151972571	-0.352636678284	-0.353819770774	-0.355068433428	-0.356381740279	-0.357758425063	-0.359196902836	-0.36069529627	-0.362251465539	-0.363863040697	-0.365527455485	-0.367241981584	-0.369003762468	-0.370809846114	-0.372657215997	-0.374542819925	-0.376463596419	-0.378416498422
-0.312553211898	-0.312574678574	-0.312639234705	-0.31274734601	-0.312899779994	-0.313097592819	-0.31334211074	-0.313634906032	-0.313977767345	-0.314372664613	-0.314821708775	-0.315327106828	-0.315891112986	-0.316515976928	-0.317203890363	-0.317956933283	-0.31877702136	-0.319665856017	-0.320624878603	-0.321655230069	-0.32275771729	-0.323932787019	-0.32518050809	-0.326500562222	-0.327892243385	-0.329354465382	-0.330885776963	-0.332484383582	-0.334148174673	-0.335874755258	-0.337661480632	-0.339505492933	-0.341403758452	-0.343353104702	-0.345350256379	-0.347391869555	-0.349474563538	-0.351594950061	-0.353749659549	-0.355935364353
-0.282138619358	-0.282165677073	-0.282246999012	-0.282383028835	-0.282574496869	-0.282822406363	-0.283128014108	-0.283492805322	-0.283918462791	-0.284406830341	-0.28495987093	-0.285579619876	-0.286268134003	-0.287027437784	-0.287859467809	-0.288766017117	-0.289748681056	-0.290808806404	-0.291947445394	-0.293165316182	-0.294462771025	-0.295839773128	-0.297295882756	-0.298830252775	-0.300441633406	-0.302128385595	-0.303888502067	-0.305719634918	-0.307619128422	-0.309584055682	-0.311611257747	-0.313697383908	-0.315838932013	-0.318032287816	-0.320273762522	-0.322559627917	-0.324886148615	-0.327249611134	-0.329646349645	-0.332072768353
-0.250318305982	-0.25035137548	-0.250450722554	-0.25061676006	-0.250850166484	-0.251151871472	-0.251523035483	-0.251965023531	-0.252479373034	-0.25306775589	-0.253731935121	-0.254473716621	-0.255294896853	-0.256197207648	-0.257182259542	-0.258251485317	-0.259406085592	-0.260646978342	-0.261974754157	-0.263389638854	-0.264891464768	-0.26647965164	-0.268153197559	-0.269910679975	-0.27175026632	-0.273669733395	-0.275666494352	-0.277737631898	-0.279879936212	-0.282089946066	-0.284363991692	-0.286698238051	-0.289088727379	-0.291531420011	-0.294022232758	-0.296557074262	-0.299131876977	-0.301742625548	-0.304385381534	-0.307056304518
-0.217421957852	-0.217461439365	-0.217580008688	-0.217778037118	-0.218056133298	-0.218415127922	-0.218856052334	-0.219380111028	-0.219988648194	-0.220683108502	-0.221464992557	-0.222335807655	-0.223297014775	-0.224349973035	-0.225495883171	-0.22673573179	-0.228070238368	-0.229499806962	-0.231024484495	-0.232643927271	-0.234357376972	-0.236163646936	-0.238061119027	-0.24004775086	-0.242121092698	-0.244278312918	-0.246516230678	-0.248831354198	-0.251219923051	-0.253677952838	-0.256201280783	-0.258785610916	-0.261426557749	-0.264119687555	-0.266860556576	-0.269644745726	-0.272467891488	-0.27532571292	-0.278214034767	-0.281128806809
-0.183805280019	-0.183851543834	-0.183990441898	-0.184222290818	-0.184547607478	-0.18496709288	-0.185481609646	-0.186092153311	-0.186799817652	-0.187605754423	-0.188511128053	-0.189517066103	-0.190624606523	-0.191834643078	-0.193147870576	-0.194564731732	-0.196085367672	-0.197709574039	-0.19943676454	-0.201265943442	-0.203195688137	-0.205224142365	-0.207349020133	-0.209567619862	-0.211876847799	-0.214273249401	-0.216753047119	-0.219312182898	-0.221946363718	-0.224651108556	-0.227421795344	-0.23025370667	-0.233142073238	-0.236082114305	-0.23906907456	-0.242098257102	-0.245165052368	-0.248264962969	-0.251393624568	-0.254546822957
-0.149851808962	-0.149905179895	-0.150065375851	-0.150332642879	-0.150707379677	-0.151190120637	-0.151781512359	-0.152482283922	-0.153293211313	-0.154215076601	-0.155248622597	-0.156394503994	-0.157653236227	-0.159025143533	-0.160510307935	-0.162108521017	-0.163819240436	-0.165641553014	-0.167574146068	-0.169615288239	-0.171762820637	-0.174014158563	-0.176366303552	-0.178815864945	-0.181359089812	-0.18399189973	-0.186709932759	-0.189508588903	-0.192383077403	-0.195328464351	-0.198339719317	-0.201411759904	-0.204539493391	-0.207717854866	-0.210941841448	-0.214206542404	-0.217507165108	-0.22083905692	-0.22419772317	-0.227578841474
-0.115975121702	-0.116035855282	-0.116218109396	-0.116522040588	-0.116947897936	-0.117496005494	-0.118166738155	-0.118960491365	-0.11987764531	-0.120918524395	-0.122083353008	-0.123372208805	-0.124784974955	-0.126321292971	-0.127980517909	-0.129761677753	-0.131663438776	-0.133684078478	-0.135821467392	-0.138073060633	-0.140435899553	-0.142906623361	-0.145481490049	-0.148156405547	-0.150926959712	-0.153788467554	-0.156736014034	-0.159764500806	-0.162868693399	-0.166043267525	-0.169282853422	-0.172582077384	-0.175935599853	-0.179338149672	-0.18278455428	-0.186269765785	-0.189788883	-0.193337169574	-0.196910068494	-0.200503213196
-0.0826211612433	-0.0826894089625	-0.082894168286	-0.0832354840834	-0.0837134191284	-0.0843280363942	-0.0850793748931	-0.08596741971	-0.086992067083	-0.0881530856116	-0.089450074865	-0.0908824228835	-0.0924492642082	-0.09414944018	-0.095981463277	-0.097943487183	-0.10003328407	-0.102248230293	-0.104585301291	-0.107041075982	-0.109611750497	-0.112293160582	-0.115080811629	-0.117969914971	-0.120955428918	-0.124032102934	-0.127194523412	-0.130437159621	-0.133754408591	-0.137140637931	-0.140590225791	-0.14409759741	-0.147657257898	-0.15126382107	-0.154912034294	-0.158596799454	-0.162313190173	-0.166056465555	-0.169822080701	-0.173605694304
-0.050270195905	-0.0503459564214	-0.0505732084777	-0.0509518600505	-0.0514817460752	-0.0521626113332	-0.052994087349	-0.053975664162	-0.05510665808	-0.056386176768	-0.0578130832116	-0.0593859602718	-0.06110307761	-0.062962362755	-0.064961377963	-0.0670973042618	-0.0693669337404	-0.0717666706971	-0.0742925417707	-0.0769402146999	-0.0797050249047	-0.0825820087253	-0.0855659419026	-0.0886513817627	-0.0918327115533	-0.0951041854754	-0.0984599731166	-0.101894202203	-0.10540099882	-0.108974524478	-0.112609009617	-0.116298783323	-0.1200382992	-0.123822157425	-0.127645123169	-0.131502141562	-0.135388349475	-0.139299084394	-0.143229890673	-0.147176523446
-0.0194376408923	-0.0195206939199	-0.0197697686375	-0.0201846087207	-0.0207647763573	-0.02150963689	-0.022418338415	-0.023489787409	-0.024722621754	-0.0261151827233	-0.027665487707	-0.029371205501	-0.03122963597	-0.0332376957085	-0.0353919110691	-0.0376884194609	-0.0401229793675	-0.0426909889674	-0.045387512733	-0.0482073149355	-0.051144898649	-0.054194548656	-0.0573503766024	-0.0606063668265	-0.063956421461	-0.0673944036428	-0.0709141779319	-0.0745096473104	-0.078174786375	-0.08190367055	-0.085690501311	-0.089529627554	-0.093415563302	-0.097343002037	-0.101306827952	-0.105302124427	-0.109324180044	-0.113368492433	-0.117430770222	-0.121506933356
0.00932743411795	0.00923761411473	0.00896830267121	0.00851994806101	0.0078933057979	0.0070894505533	0.006109791525	0.004956089993	0.0036304775276	0.0021354731183	0.00047399739	-0.00135061787	-0.003334626484	-0.00547387221898	-0.00776380149274	-0.0101994846807	-0.0127756456736	-0.0154866987596	-0.0183267914402	-0.0212898514679	-0.0243696362428	-0.0275597827313	-0.0308538562362	-0.0342453966253	-0.0377279609574	-0.0412951617922	-0.0449407008	-0.048658397561	-0.052442213678	-0.05628627247	-0.060184874634	-0.064132510305	-0.068123867967	-0.072153840658	-0.07621752987	-0.080310247516	-0.084427516296	-0.088565068725	-0.092718845077	-0.096884990427
0.0354478324785	0.0353521839608	0.035065459399	0.034588323224	0.033921887463	0.0330677179474	0.032027841563	0.03080475317	0.029401420634	0.027821286262	0.026068262998	0.0241467239156	0.0220614839141	0.0198177730331	0.0174212013905	0.0148777163991	0.0121935535041	0.00937518216042	0.00642924907754	0.00336252085596	0.00018182804893	-0.00310598758142	-0.00649412121866	-0.0099758475946	-0.01354455751	-0.017193788138	-0.020917247288	-0.024708832076	-0.028562642555	-0.032472991009	-0.036434407576	-0.04044164288	-0.044489668284	-0.048573674297	-0.052689067609	-0.056831467113	-0.060996699223	-0.065180792732	-0.069379973363	-0.07359065816
0.0583302017357	0.058230202262	0.057930502316	0.0574319970725	0.056736177454	0.0558451278356	0.054761521426	0.053488612071	0.052030221118	0.0503907179999	0.0485749934066	0.046588424312	0.0444368306345	0.0421264239444	0.0396637492719	0.0370556216506	0.0343090594766	0.031431217005	0.0284293183312	0.0253105950131	0.0220822291302	0.0187513031054	0.0153247570955	0.011809354259	0.008211653769	0.004537991086	0.000794464762	-0.003013071101	-0.006879009701	-0.010797990602	-0.014764895922	-0.018774844414	-0.022823184111	-0.02690548411	-0.031017525909	-0.035155294664	-0.039314970584	-0.043492920644	-0.047685690714	-0.051889998148
0.077386626685	0.077284426637	0.0769782011724	0.076469071729	0.075758898518	0.0748502666793	0.073746465854	0.072451462347	0.0709698631062	0.0693068709757	0.0674682310925	0.0654601688235	0.0632893202788	0.0609626570376	0.0584874072523	0.0558709756358	0.0531208649619	0.0502446015889	0.0472496671852	0.0441434383439	0.0409331352012	0.037625779583	0.034228162664	0.030746821672	0.027188024833	0.023557763531	0.019861750534	0.016105423119	0.012293949969	0.008432240812	0.00452495789	0.000576528487	-0.003408842104	-0.0074271576659	-0.0114746185735	-0.0155476099746	-0.019642690817	-0.0237565837985	-0.0278861662714	-0.0320284620812
0.0920696723309	0.0919682110931	0.0916642662711	0.091159148994	0.09045502594	0.089554891381	0.0884625278312	0.0871824553518	0.0857198698144	0.08408057092	0.08227088129	0.0802975585573	0.0781677029172	0.075888663001	0.0734679431077	0.0709131147526	0.0682317351585	0.0654312747782	0.06251905528	0.059502198732	0.05638758806	0.053181838319	0.049891277875	0.046521938334	0.04307955188	0.039569554686	0.035997095036	0.032367044962	0.0286840142839	0.0249523661277	0.0211762331209	0.0173595336522	0.0135059876974	0.0096191318537	0.0057023333339	0.0017588027644	-0.0022083942878	-0.0061963270766	-0.0102021906915	-0.0142232982572
0.10192475821	0.101827815759	0.101537463537	0.101055118224	0.100383112054	0.0995246500304	0.0984837512409	0.0972651756455	0.095874338267	0.0943172133194	0.09260023136	0.0907301729774	0.088714062738	0.0865590670435	0.0842723991923	0.0818612343212	0.079332636116	0.076693496323	0.073950487262	0.071110026863	0.068178255185	0.065161021046	0.0620638772151	0.0588920825675	0.0556506096857	0.0523441565148	0.0489771608526	0.0455538166383	0.0420780911825	0.0385537426482	0.0349843372427	0.0313732657102	0.0277237588275	0.0240389017011	0.0203216467415	0.0165748252561	0.0128011576565	0.0090032623141	0.0051836631329	0.0013447959291
0.106662270937	0.106574378949	0.106311165667	0.105874007814	0.105265162626	0.10448771346	0.103545496716	0.10244301313	0.101185327191	0.0997779590348	0.0982267734284	0.0965378704892	0.0947174823665	0.0927718794426	0.090707288657	0.088529825505	0.086245440213	0.08385987769	0.0813786501267	0.0788070206921	0.0761499964975	0.0734123289975	0.0705985200789	0.0677128322881	0.064759301878	0.0617417535978	0.0586638163724	0.0555289392193	0.0523404069115	0.0491013550316	0.0458147841649	0.0424835730608	0.0391104906552	0.035698206896	0.0322493023483	0.0287662765928	0.0252515554485	0.0217074970764	0.0181363970301	0.0145404923381
0.106247301177	0.106173410828	0.105952119467	0.105584554115	0.105072553751	0.104418612751	0.103625806572	0.102697704137	0.101638272048	0.100451776017	0.0991426846779	0.0977155802904	0.096175079827	0.094525768724	0.092772148297	0.0909185967049	0.0889693424084	0.0869284485029	0.0847998059626	0.0825871337928	0.0802939842112	0.0779237512246	0.0754796812664	0.0729648848639	0.0703823485806	0.0677349467165	0.0650254524327	0.0622565481072	0.0594308348247	0.0565508409662	0.0536190299039	0.0506378068249	0.0476095247185	0.0445364895633	0.0414209647497	0.0382651747761	0.0350713082529	0.0318415202538	0.0285779340545	0.0252826423023
0.100995467808	0.100940270863	0.10077489195	0.100499957612	0.100116482197	0.0996258258989	0.0990296414454	0.0983298140182	0.0975283993289	0.0966275644529	0.095629535233	0.094536552909	0.0933508413282	0.092074584836	0.090709915945	0.089258911186	0.0877235932	0.086105937097	0.0844078792953	0.0826313273495	0.0807781696694	0.0788502843599	0.0768495467433	0.0747778353642	0.072637036464	0.0704290470341	0.0681557766286	0.0658191481499	0.0634210978233	0.0609635745596	0.0584485388786	0.0558779615306	0.0532538219197	0.0505781064009	0.0478528064961	0.0450799170519	0.0422614343481	0.0393993541534	0.0364956697222	0.0335523697242
0.0916481132879	0.0916149851608	0.0915155680453	0.0913497619556	0.0911173948615	0.0908182164397	0.0904518925759	0.0900180030003	0.0895160441081	0.088945438263	0.0883055499015	0.087595707735	0.086815231561	0.085963461661	0.08503978865	0.084043681805	0.082974714289	0.0818325841758	0.0806171307082	0.0793283456299	0.0779663798057	0.0765315455748	0.0750243154261	0.0734453176511	0.0717953296325	0.0700752693889	0.0682861859339	0.066429248932	0.0645057380499	0.0625170323241	0.0604645997879	0.0583499875338	0.0561748123263	0.0539407518304	0.0516495364811	0.0493029419838	0.046902782417	0.0444509038894	0.0419491786966	0.0393994999172
0.0793826925057	0.0793724241324	0.0793413100826	0.0792884328643	0.0792122940311	0.0791108591926	0.078981618799	0.078821662256	0.0786277621285	0.0783964645144	0.0781241813469	0.077807280419	0.077442169388	0.077025370798	0.076553586106	0.076023747688	0.075433058664	0.0747790211103	0.0740594536719	0.0732724999385	0.0724166290313	0.0714906298735	0.0704936005253	0.0694249338332	0.0682843004798	0.0670716303596	0.065787093041	0.0644310779307	0.063004174623	0.0615071537991	0.0599409489529	0.0583066391142	0.0566054326982	0.0548386525285	0.0530077220485	0.0511141526953	0.0491595323827	0.047145515023	0.0450738110033	0.0429461785272
0.06570694812	0.0657167527179	0.0657456350187	0.0657920201176	0.0658533470358	0.0659261597953	0.0660062259954	0.06608867509	0.0661681478248	0.0662389484101	0.0662951918937	0.066330940654	0.066340325679	0.06631765008	0.066257473837	0.066154680088	0.0660045241221	0.0658026668643	0.0655451948677	0.0652286289573	0.0648499235669	0.0644064586675	0.0638960259775	0.0633168109207	0.0626673715813	0.0619466156934	0.0611537765196	0.0602883883035	0.0593502618419	0.0583394605944	0.057256277648	0.056101213763	0.0548749566581	0.053578361619	0.052212433483	0.0507783099939	0.0492772465	0.0477106019368	0.0460798260239	0.0443864475909
0.0522104148006	0.0522339541545	0.052303967263	0.052418661455	0.052575121023	0.0527694090522	0.0529966984066	0.0532514223776	0.0535274352499	0.053818173842	0.054116812628	0.054416406951	0.054710020754	0.054990836929	0.0552522497487	0.0554879398065	0.055691932561	0.0558586419629	0.0559829008453	0.0560599798127	0.0560855963343	0.0560559156505	0.0559675449797	0.0558175223617	0.055603301329	0.0553227324425	0.0549740425871	0.0545558127891	0.0540669551926	0.0535066897236	0.0528745208697	0.052170214917	0.051393777908	0.050545434519	0.0496256079939	0.0486349012254	0.047574079034	0.046444051655	0.045245859417	0.043980658579
0.0402192837186	0.0402482628641	0.0403347137979	0.0404771901311	0.0406733239929	0.0409198870356	0.0412128700955	0.0415475769107	0.041918727212	0.042320564836	0.042746967048	0.0431915519068	0.0436477810653	0.0441090559767	0.0445688059565	0.0450205670094	0.0454580507508	0.0458752031335	0.0462662530268	0.0466257509768	0.0469485987053	0.0472300700673	0.0474658243028	0.047651912476	0.0477847780181	0.0478612522723	0.0478785459005	0.0478342369548	0.0477262563449	0.0475528713566	0.0473126678006	0.0470045312905	0.046627628076	0.046181385787	0.045665474376	0.045079787499	0.0444244244955	0.0436996731213	0.0429059931043	0.0420440005913
0.0304939306366	0.0305208821255	0.0306014975764	0.0307350573299	0.0309203541401	0.0311556843681	0.031438840837	0.03176711119	0.032137285166	0.032545673215	0.0329881375189	0.0334601351545	0.0339567719394	0.034472864682	0.035003009083	0.0355416504207	0.0360831542962	0.0366218750573	0.0371522199596	0.0376687076066	0.0381660196821	0.0386390454172	0.0390829185985	0.0394930472235	0.0398651361343	0.0401952031271	0.0404795891399	0.0407149631821	0.0408983226956	0.0410269900256	0.041098605658	0.041111118831	0.041062776094	0.040952108295	0.040777916464	0.040539256962	0.0402354262338	0.039865945427	0.0394305451098	0.0389291502623
0.0231371575644	0.0231578756992	0.0232200259449	0.0233235829915	0.023468463619	0.023654470896	0.023881226421	0.024148098675	0.0244541352639	0.0247980056315	0.0251779589818	0.0255918001466	0.0260368842195	0.026510129173	0.0270080444713	0.027526772919	0.028062142577	0.028609725519	0.02916490036	0.029722915816	0.030278952982	0.030828184486	0.0313658291283	0.0318872010439	0.0323877528236	0.0328631123231	0.0333091131735	0.033721819195	0.034097543072	0.034432859735	0.034724614987	0.034969929905	0.035166201583	0.035311100756	0.035402566827	0.035438800767	0.0354182563306	0.0353396299809	0.0352018498636	0.0350040641311
0.0177710352527	0.017785036	0.0178271453446	0.017897681052	0.017997134486	0.0181261224923	0.0182853209824	0.018475388147	0.018696882109	0.018950178621	0.019235394212	0.019552319441	0.019900365877	0.0202785291	0.020685368712	0.021119005114	0.021577131827	0.0220570413663	0.0225556622464	0.023069604461	0.02359521079	0.02412861145	0.0246657798562	0.02520258762	0.025734857239	0.02625841132	0.026769117487	0.027262928439	0.02773591688	0.028184305244	0.028604490314	0.028993062969	0.029346823376	0.029662792002	0.0299382168732	0.0301705775116	0.0303575859728	0.0304971854144	0.0305875465811	0.0306270625761
0.013852409749	0.013861373824	0.013888372533	0.0139337223117	0.0139979399752	0.0140817252395	0.014185933731	0.014311539328	0.0144595857367	0.0146311285586	0.014827170445	0.015048592939	0.015296089097	0.0155701009854	0.0158707656008	0.0161978719818	0.0165508312564	0.0169286603652	0.0173299792703	0.017753020701	0.018195650932	0.018655399716	0.019129497357	0.019614916844	0.020108419127	0.020606599745	0.021105935309	0.021602828566	0.022093651047	0.0225747825696	0.0230426470783	0.0234937445082	0.0239246785477	0.0243321802959	0.0247131279295	0.0250645625802	0.0253837006756	0.0256679430431	0.0259148810927	0.0261223004063
0.010917056984	0.010922908951	0.01094052889	0.010970110171	0.011011978768	0.011066597078	0.01113456608	0.0112166231664	0.0113136330134	0.0114265694175	0.0115564869968	0.0117044829255	0.0118716501296	0.0120590244391	0.012267528883	0.012497918578	0.012750729521	0.013026234112	0.013324405551	0.013644892489	0.013987004496	0.014349708254	0.014731633792	0.0151310896406	0.0155460855422	0.0159743611705	0.0164134193137	0.016860562017	0.0173129283061	0.0177675322814	0.0182213005506	0.0186711081659	0.019113812416	0.0195462839986	0.0199654352555	0.0203682452899	0.0207517818972	0.021113220337	0.021449859045	0.0217591324376
0.008655092227	0.008659114889	0.00867121536	0.008691492407	0.008720114962	0.0087573283507	0.0088034623175	0.008858939826	0.00892428509403	0.00900012885947	0.00908720871	0.009186362512	0.009298513562	0.009424646965	0.009565777757	0.009722912182	0.009897004323	0.0100889106517	0.0102993452162	0.0105288379937	0.0107776985474	0.0110459866053	0.0113334905955	0.0116397146057	0.0119638737224	0.0123048972876	0.012661439289	0.013031894887	0.0134144219636	0.0138069665299	0.014207290868	0.0146130033442	0.0150215889443	0.0154304397062	0.0158368843588	0.0162382166122	0.0166317216746	0.0170147006858	0.0173844928673	0.0177384952766
0.00687701391	0.006879905341	0.006888596674	0.0069031396044	0.0069236222726	0.0069501723866	0.00698296184573	0.007022212953	0.007068206095	0.0071212884076	0.0071818824769	0.0072504937045	0.0073277146686	0.007414224811	0.0075107840627	0.0076182195754	0.0077374054389	0.0078692360052	0.0080145940908	0.008174315801	0.0083491539741	0.0085397422792	0.0087465618345	0.0089699119286	0.00920988603591	0.00946635390496	0.00973895009251	0.0100270689499	0.010329865764	0.0106462635193	0.01097496458	0.0113144664959	0.011663081087	0.0120189559698	0.0123800977271	0.012744395989	0.0131096477749	0.0134735815398	0.0138338804611	0.014188204596
0.0054631363112	0.0054652779483	0.0054717125967	0.0054824697048	0.0054975991643	0.00551717259904	0.005541285322	0.005570059122	0.005603646066	0.0056422334818	0.005686050152	0.005735373507	0.00579053727	0.005851938651	0.00592004391	0.0059953909715	0.006078587907	0.0061703063816	0.00627126962313	0.00638223503194	0.00650397203309	0.006637236232	0.006782741218	0.00694112950498	0.00711294409895	0.00729860204908	0.00749837112717	0.00771235050741	0.0079404560274	0.008182410327	0.008437737901	0.00870576489165	0.00898562325051	0.00927625881249	0.00957644269975	0.009884785463	0.0101997533482	0.0105196860864	0.0108428156666	0.0111672855747
0.0043322489175	0.0043338665111	0.004338725236	0.0043468430369	0.00435825019418	0.00437298991241	0.004391119188	0.00441271002	0.00443785106	0.004466649819	0.0044992356	0.0045357632885	0.0045764181067	0.0046214212287	0.0046710359728	0.0047255739921	0.0047854006622	0.0048509387195	0.0049226692	0.005001128877	0.005086903667	0.00518061784	0.005282919222	0.0053944609746	0.005515880754	0.005647778284	0.00579069242151	0.00594507879827	0.00611128900474	0.00628955214505	0.006479959394	0.006682451991	0.006896812897	0.007122662182	0.00735945602224	0.007606489092	0.007862900016	0.00812767950154	0.00839968071216	0.00867763145327
0.00342577795092	0.003427014602	0.00343072839081	0.00343693087878	0.0034456415217	0.003456887958	0.003470706433	0.003487142376	0.003506251165	0.0035280991288	0.0035527648506	0.0035803408692	0.0036109359014	0.0036446777022	0.0036817166465	0.0037222300187	0.003766426845	0.0038145529178	0.0038668954816	0.00392378692	0.003985606738	0.004052781187	0.004125780031	0.004205110177	0.0042913061456	0.0043849176238	0.004486494567	0.004596570492	0.004715644709	0.004844164289	0.00498250653	0.005130962619	0.005289723088	0.0054588655182	0.005638344809	0.005827986205	0.006027481135	0.006236385801	0.006454122389	0.00667998266528
0.00269946682409	0.00270041850888	0.00270327616252	0.00270804761145	0.002714745996	0.002723389919	0.002734003661	0.0027466174753	0.0027612679681	0.00277799859	0.00279686025812	0.00281791214881	0.00284122271006	0.0028668709661	0.00289494820132	0.00292556011587	0.002958829523	0.0029948995983	0.0030339375925	0.00307613879258	0.00312173038732	0.0031709747863	0.0032241718854	0.0032816597793	0.0033438134975	0.0034110414697	0.0034837795946	0.0035624829701	0.0036476155136	0.003739637852	0.003838993964	0.003946097132	0.004061315767	0.004184959657	0.004317267149	0.004458393676	0.004608401966	0.004767254183	0.004934806124	0.005110803554
0.002118699914	0.0021194343119	0.002121639339	0.002125320508	0.00213048706	0.0021371520414	0.0021453324227	0.0021550492509	0.00216632785141	0.00217919808205	0.00219369465145	0.0022098575153	0.00222773237076	0.00224737127621	0.00226883343542	0.00229218619815	0.00231750634203	0.00234488170402	0.00237441321693	0.00240621736837	0.00244042903537	0.00247720456314	0.00251672486513	0.0025591982407	0.0026048625546	0.0026539864083	0.0027068689677	0.0027638381809	0.00282524722919	0.0028914691706	0.0029628898658	0.003039899389	0.003122882216	0.003212206565	0.003308213278	0.003411204664	0.0035214337002	0.0036390939406	0.003764310451	0.003897132003
0.001655761641	0.0016563284714	0.001658030292	0.001660871097	0.0016648575747	0.0016699991496	0.00167630805071	0.00168379939674	0.0016924913081	0.00170240504617	0.00171356518548	0.00172599982488	0.00173974084587	0.00175482422923	0.00177129044508	0.00178918493753	0.00180855873292	0.00182946921062	0.0018519810837	0.00187616763996	0.00190211228547	0.00192991040873	0.0019596715412	0.00199152173348	0.00202560600306	0.00206209065042	0.0021011651961	0.002143043672	0.002187965009	0.002236192302	0.002288010794	0.002343724504	0.002403651498	0.002468117915	0.002537450889	0.002611970628	0.0026919818946	0.0027777651956	0.0028695679811	0.0029675961271
0.0012881534404	0.0012885903087	0.001289901894	0.001292091142	0.0012951629813	0.00129912434978	0.0013039842346	0.00130975372409	0.00131644607391	0.00132407678869	0.00133266372139	0.00134222719332	0.00135279013827	0.00136437827588	0.00137702032034	0.00139074823311	0.00140559753136	0.00142160766807	0.00143882250601	0.00145729091431	0.001477067523	0.001498213669	0.001520798577	0.001544900769	0.001570609717	0.00159802767	0.001627271569	0.001658474916	0.001691789424	0.001727386254	0.001765456657	0.0018062118331	0.0018498818873	0.0018967137696	0.0019469681888	0.0020009155177	0.0020588307805	0.0021209878561	0.0021876530743	0.002259078407
0.0009974899431	0.000997825814	0.0009988341551	0.0010005171625	0.00100287850527	0.00100592334546	0.00100965836338	0.00101409179064	0.00101923345208	0.00102509481692	0.00103168906012	0.0010390311355	0.00104713786195	0.00105602802528	0.00106572249827	0.00107624438278	0.00108761917869	0.001099874986	0.001113042752	0.001127156566	0.001142254037	0.001158376752	0.001175570863	0.001193887811	0.001213385229	0.0012341280195	0.0012561896117	0.0012796533704	0.0013046140871	0.0013311794685	0.0013594715057	0.0013896275859	0.0014218012091	0.0014561621732	0.0014928961133	0.0015322033106	0.0015742967225	0.0016193992283	0.0016677401277	0.0017195509649
0.000768717554	0.00076897496	0.0007697477254	0.00077103749245	0.000772847008119	0.000775180134512	0.000778041866377	0.000781438353523	0.000785376928756	0.000789866141731	0.000794915799219	0.000800537012403	0.000806742252001	0.000813545412	0.000820961885	0.000829008646	0.000837704353	0.000847069467	0.000857126384	0.000867899602	0.000879415915	0.00089170465	0.000904797964	0.0009187311977	0.000933543338	0.000949277571	0.0009659819787	0.0009837103592	0.001002523194	0.0010224887282	0.0010436841311	0.001066196674	0.0010901248474	0.00111557932117	0.0011426836452	0.00117157459026	0.00120240203602	0.00123532833238	0.00127052708325	0.00130818133014
0.000589522072	0.0005897186259	0.00059030869935	0.000591293524542	0.000592675161638	0.000594456506647	0.000596641303397	0.000599234159108	0.000602240563725	0.000605666913	0.000609520537	0.000613809731	0.000618543792	0.000623733063	0.000629388982	0.000635524134	0.000642152317	0.000649288615	0.0006569494795	0.0006651528254	0.0006739181458	0.0006832666417	0.0006932213801	0.0007038074832	0.00071505236	0.0007269859908	0.00073964128	0.000753054493	0.00076726578271	0.00078231982918	0.00079826657628	0.00081516206555	0.00083306933719	0.00085205935896	0.00087221192806	0.00089361647953	0.0009163727274	0.00094059106298	0.00096639263857	0.00099390907476
0.0004498570238	0.0004500065127	0.00045045528764	0.000451204273354	0.000452255015427	0.000453609686025	0.000455271092444	0.000457242688	0.000459528587	0.000462133577	0.000465063145	0.000468323494	0.000471921571	0.000475865097	0.0004801625971	0.0004848234426	0.0004898578895	0.0004952771279	0.0005010933356	0.0005073197385	0.0005139706812	0.0005210617055	0.0005286096431	0.000536632723	0.00054515069802	0.00055418499676	0.0005637589077	0.0005738978041	0.00058462942	0.000595984189	0.000607995655	0.00062070096047	0.00063414141603	0.00064836314437	0.000663417779371	0.000679363196816	0.000696264237757	0.000714193378342	0.000733231293267	0.00075346725701
0.0003415567872	0.00034166999577	0.000342009852343	0.000342577050072	0.000343372747137	0.000344398571	0.000345656625	0.000347149495	0.00034888026	0.000350852506	0.0003530703357	0.0003555383869	0.0003582618507	0.0003612464921	0.0003644986728	0.0003680253775	0.0003718342436	0.0003759335934	0.0003803324707	0.00038504068162	0.00039006884034	0.00039542842043	0.00040113181283	0.00040719239196	0.00041362459134	0.00042044399139	0.00042766742226	0.00043531308614	0.0004434007041	0.0004519516946	0.0004609893904	0.000470539303	0.000480629442	0.000491290692	0.000502557254376	0.000514467141432	0.000527062724367	0.000540391305087	0.000554505694238	0.000569464760194
0.00025801411091	0.000258099460175	0.000258355680573	0.000258783291	0.000259383156	0.000260156494	0.000261104878	0.000262230239	0.00026353488	0.0002650214787	0.0002666930996	0.0002685532055	0.0002706056702	0.0002728547938	0.00027530531852	0.00027796244819	0.00028083186829	0.00028391976918	0.00028723287151	0.00029077845441	0.00029456438683	0.00029859916226	0.0003028919374	0.00030745257533	0.00031229169407	0.000317420721291	0.00032285195686	0.000328598644683	0.00033467505648	0.00034109659054	0.0003478798896	0.0003550429827	0.0003626054568	0.000370588664	0.000379015969	0.000387913045	0.000397308211	0.000407232821547	0.000417721687344	0.000428813527555
0.00019390928296	0.000193973329582	0.000194165598	0.000194486475	0.000194936607	0.0001955169011	0.0001962285293	0.0001970729331	0.0001980518281	0.0001991672098	0.00020042136165	0.00020181686273	0.00020335659754	0.00020504376656	0.00020688189829	0.00020887486252	0.0002110268852	0.00021334256477	0.00021582689027	0.000218485261256	0.000221323509783	0.000224347924589	0.000227565277793	0.000230982854368	0.000234608484784	0.00023845058128	0.000242518178384	0.000246820978455	0.000251369403286	0.000256174653176	0.00026124877529	0.00026660474371	0.0002722565543	0.000278219338	0.0002845094967	0.0002911448663	0.000298144911	0.000305530951	0.000313326431	0.000321557214
0.00014498209	0.000145029920752	0.00014517351	0.000145413144	0.0001457493032	0.0001461826625	0.0001467140928	0.0001473446653	0.0001480756544	0.00014890854277	0.00014984502631	0.00015088702027	0.00015203666614	0.00015329633936	0.000154668658001	0.000156156492421	0.000157762975905	0.000159491516464	0.000161345809797	0.000163329853544	0.00016544796292	0.000167704787868	0.000170105331861	0.000172654972533	0.000175359484331	0.000178225063435	0.000181258355241	0.000184466484779	0.000187857090546	0.000191438362354	0.000195219084024	0.000199208681979	0.00020341728116	0.00020785577011	0.00021253587746	0.0002174702627	0.0002226726241	0.0002281578277	0.0002339420594	0.000240043004
0.000107839932	0.000107875478	0.000107982188	0.0001081602742	0.0001084100922	0.00010873214156	0.0001091270673	0.00010959566236	0.00011013887029	0.00011075778851	0.000111453672148	0.000112227938452	0.000113082171779	0.000114018129229	0.00011503774693	0.000116143147024	0.000117336645391	0.000118620760153	0.000119998221033	0.000121471979599	0.000123045220488	0.000124721373675	0.000126504127875	0.00012839744519	0.000130405577104	0.000132533081977	0.000134784844189	0.000137166095139	0.000139682436323	0.000142339864798	0.000145144801401	0.0001481041222	0.000151225193817	0.000154515913448	0.00015798475467	0.0001616408204	0.0001654939048	0.0001695545661	0.0001738342127	0.0001783452051
0.0000797968156	0.000079823101	0.0000799020092	0.00008003369736	0.00008021842761	0.00008045656824	0.00008074859495	0.000081095092408	0.000081496756301	0.000081954395688	0.000082468935804	0.000083041421265	0.000083673019704	0.000084365025861	0.0000851188661516	0.0000859361037343	0.0000868184441063	0.0000877677412652	0.0000887860044671	0.0000898754056247	0.0000910382873912	0.00009227717198	0.000093594770779	0.0000949939948241	0.0000964779662059	0.0000980500304927	0.0000997137702677	0.000101473019891	0.000103331881619	0.000105294743234	0.000107366297382	0.00010955156284	0.000111855908024	0.000114285077104	0.000116845219224	0.000119542921475	0.00012238524643	0.00012537977535	0.00012853465827	0.00013185867263
0.000058738833	0.0000587581722	0.00005881622813	0.00005891311598	0.0000590490283	0.000059224235512	0.000059439086868	0.000059694011619	0.000059989520477	0.0000603262073546	0.0000607047513933	0.0000611259192921	0.0000615905679524	0.0000620996474493	0.0000626542043461	0.0000632553853697	0.0000639044414676	0.0000646027322674	0.0000653517309658	0.0000661530296733	0.0000670083452464	0.0000679195256422	0.0000688885568332	0.0000699175703268	0.0000710088513358	0.0000721648476566	0.0000733881793136	0.0000746816490417	0.0000760482536836	0.0000774911965956	0.0000790139011666	0.0000806200255785	0.0000823134789582	0.0000840984391103	0.0000859793720645	0.0000879610537353	0.000090048594081	0.000092247464257	0.000094563527406	0.00009700307388
0.0000430123793	0.0000430265355	0.00004306903195	0.000043139953034	0.000043239439397	0.000043367688689	0.0000435249561549	0.0000437115555028	0.0000439278599587	0.0000441743035287	0.0000444513824712	0.000044759656988	0.0000450997531415	0.0000454723650091	0.0000458782570847	0.0000463182669405	0.0000467933081633	0.0000473043735803	0.0000478525387918	0.0000484389660311	0.0000490649083715	0.0000497317143059	0.0000504408327237	0.0000511938183157	0.0000519923374385	0.0000528381744749	0.0000537332387313	0.0000546795719152	0.0000556793562464	0.0000567349232561	0.0000578487633415	0.0000590235361484	0.0000602620818709	0.000061567433568	0.0000629428306225	0.0000643917334894	0.0000659178399215	0.0000675251029089	0.000069217750631	0.00007100030881
0.0000313318344	0.00003134214348	0.000031373090998	0.000031424738263	0.0000314971876282	0.0000315905828607	0.0000317051096247	0.0000318409961027	0.0000319985137608	0.000032177978262	0.0000323797505315	0.0000326042379802	0.0000328518958912	0.0000331232289774	0.0000334187931173	0.0000337391972783	0.0000340851056368	0.0000344572399064	0.0000348563818867	0.0000352833762455	0.0000357391335496	0.0000362246335615	0.0000367409288184	0.0000372891485158	0.0000378705027165	0.0000384862869096	0.0000391378869479	0.0000398267843926	0.0000405545622994	0.0000413229114837	0.0000421336373064	0.0000429886670276	0.000043890057782	0.0000448400052362	0.0000458408530004	0.000046895102875	0.0000480054260338	0.0000491746752617	0.000050405898396	0.0000517023531582
0.000022703831	0.00002271129955	0.000022733720324	0.000022771137565	0.0000228236253575	0.0000228912877697	0.0000229742591957	0.0000230727048038	0.0000231868210884	0.0000233168365283	0.0000234630123556	0.0000236256434369	0.0000238050592735	0.0000240016251234	0.0000242157432519	0.0000244478543169	0.0000246984388953	0.0000249680191586	0.0000252571607068	0.0000255664745684	0.0000258966193794	0.0000262483037507	0.0000266222888375	0.0000270193911248	0.0000274404854442	0.000027886508239	0.0000283584610955	0.000028857414563	0.0000293845122828	0.0000299409754536	0.0000305281076592	0.0000311473000914	0.0000318000372011	0.0000324879028176	0.0000332125867797	0.0000339758921282	0.0000347797429185	0.0000356261927199	0.000036517433881	0.0000374558076591